ORI,AGENCY NAME,County Name,POPULATION,VIOLENT CRIME,PROPERTY CRIME,MURDER,RAPE,ROBBERY,AGGRAVATED ASSAULT,BURGLARY,LARCENY,MTR VEHICLE THEFT,ARSON
OH00204,LIMA,ALLEN COUNTY,"37,220",275,"1,982",5,52,81,137,569,"1,334",79,20
OH00201,BLUFFTON,ALLEN COUNTY,"3,987",1,46,,1,,,9,36,1,
OH00202,DELPHOS,ALLEN COUNTY,"3,927",3,90,,3,,,17,72,1,
OH00205,SPENCERVILLE,ALLEN COUNTY,"2,184",,14,,,,,5,9,,
OH00207,ELIDA,ALLEN COUNTY,"1,836",1,4,,,,1,1,3,,
OH00211,SHAWNEE TOWNSHIP,ALLEN COUNTY,"12,096",14,135,1,4,3,6,24,108,3,
OH00213,AMERICAN TOWNSHIP,ALLEN COUNTY,"12,208",1,209,,,,1,15,183,11,
OH00216,MARION TOWNSHIP,ALLEN COUNTY,"2,916",,1,,,,,,1,,
OH00200,ALLEN COUNTY SHERIFF,ALLEN COUNTY,"23,798",30,659,,12,12,6,162,481,16,3
OH00301,ASHLAND,ASHLAND COUNTY,"20,485",25,375,,7,4,14,44,326,5,
OH00302,LOUDONVILLE,ASHLAND COUNTY,"2,581",3,66,1,1,1,,6,59,1,1
OH00300,ASHLAND,ASHLAND COUNTY,"29,919",35,204,,20,,15,50,137,17,1
OH00405,GENEVA-ON-THE-LAKE,ASHTABULA COUNTY,"1,199",7,33,,3,1,3,7,24,2,
OH00410,ROAMING SHORES VILLAGE,ASHTABULA COUNTY,"1,466",,1,,,,,1,,,
OH00400,ASHTABULA COUNTY SHERIFF,ASHTABULA COUNTY,"49,924",42,580,,8,4,30,170,366,44,1
OH00501,ATHENS,ATHENS COUNTY,"25,526",34,433,,4,6,24,44,370,19,5
OH00502,GLOUSTER,ATHENS COUNTY,"1,793",3,33,,1,,2,9,23,1,
OH00503,NELSONVILLE,ATHENS COUNTY,"5,284",13,152,,2,4,7,32,114,6,
OH00504,ALBANY,ATHENS COUNTY,899,,11,,,,,1,10,,
OH00510,OHIO UNIVERSITY,ATHENS COUNTY,,9,102,,8,1,,13,86,3,
OH00512,COOLVILLE,ATHENS COUNTY,492,,,,,,,,,,
OH00500,ATHENS COUNTY SHERIFF,ATHENS COUNTY,"31,510",20,391,1,9,4,6,118,255,18,1
OH00601,ST. MARYS,AUGLAIZE COUNTY,"8,215",3,129,,,1,2,34,89,6,2
OH00602,WAPAKONETA,AUGLAIZE COUNTY,"9,809",14,164,,6,3,5,25,137,2,1
OH00605,MINSTER,AUGLAIZE COUNTY,"2,866",,,,,,,,,,
OH00606,NEW BREMEN,AUGLAIZE COUNTY,"2,966",,20,,,,,1,19,,
OH00607,NEW KNOXVILLE,AUGLAIZE COUNTY,864,,5,,,,,,5,,
OH00600,AUGLAIZE COUNTY SHERIFF,AUGLAIZE COUNTY,"18,192",6,123,,2,2,2,32,89,2,1
OH00701,BARNESVILLE,BELMONT COUNTY,"4,096",,16,,,,,4,11,1,
OH00702,BELLAIRE,BELMONT COUNTY,"4,153",8,39,1,2,1,4,6,33,,
OH00703,BRIDGEPORT,BELMONT COUNTY,"1,783",3,22,,1,,2,2,15,5,
OH00704,MARTINS FERRY,BELMONT COUNTY,"6,731",13,70,,6,,7,12,52,6,
OH00705,POWHATAN POINT,BELMONT COUNTY,"1,562",,3,,,,,1,2,,
OH00706,SHADYSIDE,BELMONT COUNTY,"3,649",,2,,,,,1,1,,
OH00707,ST. CLAIRSVILLE,BELMONT COUNTY,"5,096",1,9,,,,1,1,8,,
OH00711,FLUSHING,BELMONT COUNTY,858,,3,,,,,,3,,
OH04106,YORKVILLE,BELMONT COUNTY,449,,3,,,,,1,2,,
OH00700,BELMONT COUNTY SHERIFF,BELMONT COUNTY,"29,108",34,314,2,10,2,20,52,232,30,4
OH00801,ABERDEEN,BROWN COUNTY,"1,596",2,14,,,2,,6,8,,
OH00802,GEORGETOWN,BROWN COUNTY,"4,356",10,104,,6,3,1,23,78,3,
OH00803,RIPLEY,BROWN COUNTY,"1,707",2,19,,1,,1,3,13,3,
OH00807,MOUNT ORAB,BROWN COUNTY,"3,525",4,96,1,2,,1,4,84,8,
OH00808,RUSSELLVILLE,BROWN COUNTY,524,,1,,,,,,1,,
OH00813,LAKE WAYNOKA RANGER,BROWN COUNTY,,1,14,,,,1,6,6,2,
OH00800,BROWN COUNTY SHERIFF,BROWN COUNTY,"30,711",26,272,,6,2,18,99,157,16,
OH00901,FAIRFIELD,BUTLER COUNTY,"42,627",90,932,1,11,12,66,99,782,51,2
OH00902,HAMILTON,BUTLER COUNTY,"62,094",312,"2,608",3,75,111,123,716,"1,890",2,33
OH00903,MIDDLETOWN,BUTLER COUNTY,"46,069",235,"2,788",5,39,82,109,645,"1,973",170,
OH00905,MONROE,BUTLER COUNTY,"15,858",19,403,,2,5,12,35,361,7,
OH00906,NEW MIAMI,BUTLER COUNTY,"2,332",,3,,,,,1,2,,
OH00907,OXFORD,BUTLER COUNTY,"22,459",18,488,,5,7,6,82,400,6,2
OH00913,OXFORD TOWNSHIP,BUTLER COUNTY,"2,181",2,25,,,,2,4,16,5,
OH00915,WEST CHESTER TOWNSHIP,BUTLER COUNTY,"61,386",64,"1,300",,21,15,28,170,"1,086",44,5
OH00916,ROSS TOWNSHIP,BUTLER COUNTY,"8,755",16,82,,3,1,12,27,52,3,
OH00917,MIAMI UNIVERSITY,BUTLER COUNTY,,26,140,,19,1,6,9,131,,9
OH00918,FAIRFIELD TOWNSHIP,BUTLER COUNTY,"22,524",26,758,1,2,7,16,55,695,8,1
OH00900,BUTLER COUNTY SHERIFF,BUTLER COUNTY,"78,382",37,989,1,11,12,13,220,761,8,1
OH00919,BUTLER COUNTY METROPARKS,BUTLER COUNTY,,,1,,,,,,1,,
OH07609,MINERVA,CARROLL COUNTY,"1,729",1,16,,,,1,3,12,1,
OH07630,MAGNOLIA,CARROLL COUNTY,258,,4,,,,,1,3,,
OH01202,SPRINGFIELD,CLARK COUNTY ,"58,843",370,"4,024",9,25,177,159,"1,040","2,691",293,76
OH01206,ENON,CLARK COUNTY ,"2,381",,2,,,,,1,,1,
OH01209,SOUTH CHARLESTON,CLARK COUNTY ,"1,640",2,37,,,,2,5,28,4,
OH01210,TREMONT CITY,CLARK COUNTY ,366,,3,,,,,,3,,
OH01211,SOUTH VIENNA,CLARK COUNTY ,375,,8,,,,,1,4,3,
OH01200,CLARK COUNTY SHERIFF,CLARK COUNTY ,"63,833",21,798,,7,3,11,221,548,29,5
OH01301,BATAVIA,CLERMONT COUNTY,"1,656",,57,,,,,7,46,4,
OH01302,BETHEL,CLERMONT COUNTY,"2,791",3,87,,,,3,14,71,2,
OH01303,MILFORD,CLERMONT COUNTY,"6,910",14,191,,4,1,9,22,158,11,
OH01304,AMELIA,CLERMONT COUNTY,"4,982",3,63,,,,3,2,58,3,
OH01306,FELICITY,CLERMONT COUNTY,825,3,31,,1,,2,4,26,1,
OH01310,NEW RICHMOND,CLERMONT COUNTY,"2,663",6,61,,,,6,13,45,3,
OH01311,NEWTONSVILLE,CLERMONT COUNTY,365,2,,,,,2,,,,
OH01312,OWENSVILLE,CLERMONT COUNTY,823,2,6,,,,2,,5,1,
OH01313,WILLIAMSBURG,CLERMONT COUNTY,"2,565",4,58,,1,,3,11,45,2,1
OH01314,GOSHEN TOWNSHIP,CLERMONT COUNTY,"15,860",7,165,,5,1,1,32,118,15,1
OH01315,MIAMI TOWNSHIP,CLERMONT COUNTY,"42,352",34,625,,12,3,19,77,529,19,
OH01316,UNION TOWNSHIP,CLERMONT COUNTY,"48,214",39,891,,25,4,10,123,752,16,3
OH01317,PIERCE TOWNSHIP,CLERMONT COUNTY,"11,623",5,151,,2,1,2,28,118,5,3
OH03120,LOVELAND,CLERMONT COUNTY,"2,070",2,18,,1,,1,4,13,1,
OH01300,CLERMONT COUNTY SHERIFF,CLERMONT COUNTY,"60,756",141,"1,166",,39,10,92,358,744,64,5
OH01401,BLANCHESTER,CLINTON COUNTY,"4,261",12,99,,6,2,4,23,71,5,
OH01402,NEW VIENNA,CLINTON COUNTY,"1,201",,13,,,,,3,7,3,
OH01403,SABINA,CLINTON COUNTY,"2,534",3,52,,2,,1,15,37,,1
OH01404,WILMINGTON,CLINTON COUNTY,"12,416",23,645,,3,8,12,72,562,11,
OH03604,LYNCHBURG,CLINTON COUNTY,2,,,,,,,,,,
OH01400,CLINTON COUNTY SHERIFF,CLINTON COUNTY,"21,598",4,37,,,1,3,7,25,5,1
OH01501,COLUMBIANA,COLUMBIANA COUNTY,"5,583",3,33,,1,1,1,3,30,,
OH01503,EAST PALESTINE,COLUMBIANA COUNTY,"4,503",11,82,,2,1,8,22,58,2,1
OH01505,LISBON,COLUMBIANA COUNTY,"2,680",1,26,,1,,,6,19,1,
OH01506,SALEM,COLUMBIANA COUNTY,"11,883",21,348,,4,1,16,20,324,4,1
OH01507,SALINEVILLE,COLUMBIANA COUNTY,"1,240",,18,,,,,4,14,,2
OH01508,WELLSVILLE,COLUMBIANA COUNTY,"3,347",,1,,,,,,1,,
OH01510,NEW WATERFORD,COLUMBIANA COUNTY,"1,183",,3,,,,,1,2,,
OH01513,WASHINGTONVILLE,COLUMBIANA COUNTY,424,,2,,,,,1,1,,
OH01515,ST. CLAIR TOWNSHIP,COLUMBIANA COUNTY,"7,583",,26,,,,,,26,,
OH01519,PERRY TOWNSHIP,COLUMBIANA COUNTY,"4,381",,3,,,,,2,1,,
OH01520,CENTER TOWNSHIP,COLUMBIANA COUNTY,"3,356",1,,,,,1,,,,
OH07609,MINERVA,COLUMBIANA COUNTY,2,,,,,,,,,,
OH01500,COLUMBIANA COUNTY SHERIFF,COLUMBIANA COUNTY,"37,723",12,60,2,5,,5,14,40,6,
OH01606,WEST LAFAYETTE,COSHOCTON COUNTY,"2,287",3,6,,2,,1,1,5,,
OH01600,COSHOCTON COUNTY SHERIFF,COSHOCTON COUNTY,"34,357",37,457,,8,5,24,123,319,15,5
OHCLP00,CLEVELAND,Cuyahoga County,"385,351","5,999","18,944",107,497,"2,697","2,698","5,853","9,696","3,395",253
OH018A1,NOTRE DAME COLLEGE,Cuyahoga County,,2,38,,2,,,9,29,,
OH01801,BAY VILLAGE,Cuyahoga County,"15,327",2,73,,1,,1,11,61,1,
OH01803,BEDFORD,Cuyahoga County,"12,641",25,228,1,1,16,7,50,146,32,
OH01804,BEDFORD HEIGHTS,Cuyahoga County,"10,558",22,255,1,1,9,11,32,173,50,
OH01806,BEREA,Cuyahoga County,"18,871",8,140,,1,1,6,27,105,8,2
OH01808,BRECKSVILLE,Cuyahoga County,"13,432",2,52,,1,,1,4,47,1,
OH01809,BROADVIEW HEIGHTS,Cuyahoga County,"19,228",1,21,,,,1,5,11,5,
OH01810,BROOKLYN,Cuyahoga County,"10,809",23,677,1,5,11,6,31,612,34,
OH01813,CHAGRIN FALLS,Cuyahoga County,"3,991",2,39,,1,,1,3,36,,
OH01815,CLEVELAND HEIGHTS,Cuyahoga County,"44,525",131,879,2,16,79,34,125,655,99,1
OH01817,EAST CLEVELAND,Cuyahoga County,"17,178",136,339,5,8,83,40,100,89,150,3
OH01818,EUCLID,Cuyahoga County,"47,270",303,"1,267",4,26,118,155,226,910,131,6
OH01819,FAIRVIEW PARK,Cuyahoga County,"16,307",18,176,1,1,4,12,14,155,7,1
OH01820,GARFIELD HEIGHTS,Cuyahoga County,"27,846",,,,,,,,,,
OH01821,GATES MILLS,Cuyahoga County,"2,232",2,24,,,1,1,2,20,2,
OH01822,GLENWILLOW,Cuyahoga County,923,,3,,,,,,3,,
OH01823,HIGHLAND HEIGHTS,Cuyahoga County,"8,434",7,132,,1,2,4,9,119,4,
OH01825,INDEPENDENCE,Cuyahoga County,"7,135",3,129,,1,1,1,4,123,2,
OH01826,LAKEWOOD,Cuyahoga County,"50,151",74,"1,199",2,6,40,26,469,652,78,5
OH01827,LYNDHURST,Cuyahoga County,"13,586",18,180,,,7,11,21,148,11,
OH01829,MAYFIELD HEIGHTS,Cuyahoga County,"18,724",13,188,1,1,5,6,12,170,6,
OH01832,MORELAND HILLS,Cuyahoga County,"3,315",,14,,,,,2,12,,
OH01834,NORTH OLMSTED,Cuyahoga County,"31,779",26,470,,6,11,9,40,398,32,
OH01836,NORTH ROYALTON,Cuyahoga County,"30,313",7,103,3,,,4,22,80,1,
OH01838,OLMSTED TOWNSHIP,Cuyahoga County,"13,157",1,50,,1,,,16,32,2,
OH01839,OLMSTED FALLS,Cuyahoga County,"8,898",3,31,,1,1,1,9,19,3,
OH01842,PARMA,Cuyahoga County,"79,340",141,906,,39,37,65,199,633,74,2
OH01843,PARMA HEIGHTS,Cuyahoga County,"20,094",1,53,,,,1,10,40,3,
OH01844,PEPPER PIKE,Cuyahoga County,"6,256",3,42,1,1,,1,10,32,,
OH01845,RICHMOND HEIGHTS,Cuyahoga County,"10,432",19,206,,,12,7,37,146,23,
OH01846,ROCKY RIVER,Cuyahoga County,"20,342",7,73,,1,2,4,7,62,4,
OH01847,SEVEN HILLS,Cuyahoga County,"11,668",3,50,,,1,2,14,33,3,
OH01849,SOLON,Cuyahoga County,"23,023",13,182,,2,4,7,25,146,11,
OH01850,SOUTH EUCLID,Cuyahoga County,"21,628",33,645,,5,14,14,74,536,35,
OH01851,STRONGSVILLE,Cuyahoga County,"44,758",18,852,2,1,9,6,67,760,25,
OH01852,UNIVERSITY HEIGHTS,Cuyahoga County,"13,104",30,288,,4,19,7,16,257,15,
OH01853,VALLEY VIEW,Cuyahoga County,"2,007",1,47,,,,1,7,34,6,1
OH01854,WALTON HILLS,Cuyahoga County,"2,308",1,19,,1,,,7,11,1,
OH01856,HIGHLAND HILLS,Cuyahoga County,944,,,,,,,,,,
OH01857,WESTLAKE,Cuyahoga County,"32,330",13,366,,1,9,3,25,326,15,
OH01859,WOODMERE VILLAGE,Cuyahoga County,859,1,41,,,1,,,36,5,
OH01861,CLEVELAND STATE UNIVERSITY,Cuyahoga County,,13,146,,3,10,,6,124,16,
OH01862,LINNDALE,Cuyahoga County,177,,,,,,,,,,
OH01863,CLEVELAND METRO PARKS,Cuyahoga County,,14,106,,3,5,6,2,98,6,4
OH01864,CUYAHOGA COMMUNITY COLLEGE,Cuyahoga County,,,32,,,,,2,29,1,
OH01800,CUYAHOGA COUNTY SHERIFF,Cuyahoga County,,3,3,1,1,,1,,3,,
OH01901,GREENVILLE,DARKE COUNTY,"12,772",40,274,,13,7,20,36,217,21,7
OH01900,DARKE,DARKE COUNTY,"33,058",8,5,,,,8,3,2,,2
OH02001,DEFIANCE,DEFIANCE COUNTY ,"16,594",26,464,,14,3,9,54,390,20,1
OH02000,DEFIANCE,DEFIANCE COUNTY ,"18,083",13,135,,9,,4,31,100,4,1
OHCOP00,COLUMBUS,DELAWARE COUNTY,"8,276",45,344,1,9,20,15,71,231,42,4
OH02101,DELAWARE,DELAWARE COUNTY,"39,315",64,697,,35,8,21,119,556,22,11
OH02105,POWELL,DELAWARE COUNTY,"13,029",6,103,,2,2,2,12,90,1,
OH02106,SHAWNEE HILLS,DELAWARE COUNTY,785,,6,,,,,1,5,,
OH02107,SUNBURY,DELAWARE COUNTY,"5,360",1,26,,,1,,5,20,1,
OH02503,DUBLIN,DELAWARE COUNTY,"4,534",3,53,,1,1,1,6,45,2,
OH02510,WESTERVILLE,DELAWARE COUNTY,"8,531",9,205,,3,3,3,17,184,4,
OH02100,DELAWARE,DELAWARE COUNTY,"93,188",60,"1,139",,23,9,28,211,908,20,6
OH02202,HURON,ERIE COUNTY,"6,950",4,116,,1,1,2,24,92,,
OH02203,SANDUSKY,ERIE COUNTY,"24,861",70,995,1,13,31,25,187,769,39,2
OH02204,VERMILION,ERIE COUNTY,"4,603",1,41,,,,1,6,35,,
OH02205,BAY VIEW,ERIE COUNTY,603,,8,,,,,4,4,,
OH02206,BERLIN HEIGHTS,ERIE COUNTY,713,,,,,,,,,,
OH02208,MILAN,ERIE COUNTY,983,1,7,,1,,,,7,,
OH02210,PERKINS TOWNSHIP,ERIE COUNTY,"11,773",9,303,1,,6,2,10,292,1,
OH02211,CEDAR POINT,ERIE COUNTY,,,18,,,,,,18,,
OH02200,ERIE COUNTY SHERIFF,ERIE COUNTY,"24,187",3,292,,,,3,53,234,5,
OHCOP00,COLUMBUS,FAIRFIELD COUNTY,"10,505",54,412,2,11,24,17,85,277,50,5
OH02301,LANCASTER,FAIRFIELD COUNTY,"40,026",127,"1,706",,24,33,70,236,"1,382",88,12
OH02303,BALTIMORE,FAIRFIELD COUNTY,"2,973",,15,,,,,3,11,1,1
OH02306,CARROLL,FAIRFIELD COUNTY,520,,3,,,,,2,1,,
OH02307,LITHOPOLIS,FAIRFIELD COUNTY,"1,448",,13,,,,,4,9,,
OH02308,MILLERSPORT,FAIRFIELD COUNTY,"1,050",,2,,,,,1,1,,
OH02309,PICKERINGTON,FAIRFIELD COUNTY,"20,297",38,351,,6,12,20,20,315,16,
OH02312,SUGAR GROVE,FAIRFIELD COUNTY,433,,1,,,,,,1,,
OH02508,REYNOLDSBURG,FAIRFIELD COUNTY,936,3,26,,1,1,1,3,22,1,
OH02300,FAIRFIELD,FAIRFIELD COUNTY,"75,853",38,962,,15,6,17,153,793,16,2
OH02401,WASHINGTON COURT HO,FAYETTE COUNTY,"14,136",41,548,,16,14,11,79,459,10,4
OH02400,FAYETTE,FAYETTE COUNTY,"14,453",37,432,1,5,3,28,109,308,15,1
OHCOP00,COLUMBUS,FRANKLIN COUNTY,"853,424","4,379","33,652",139,899,"1,919","1,422","6,955","22,613","4,084",370
OH02307,LITHOPOLIS,FRANKLIN COUNTY,42,,,,,,,,,,
OH02309,PICKERINGTON,FRANKLIN COUNTY,76,,1,,,,,,1,,
OH025A1,CAPITAL UNIVERSITY,FRANKLIN COUNTY,,,53,,,,,10,41,2,
OH02501,BEXLEY,FRANKLIN COUNTY,"13,773",20,420,1,4,10,5,104,301,15,
OH02503,DUBLIN,FRANKLIN COUNTY,"39,242",27,456,1,10,8,8,51,388,17,1
OH02504,GAHANNA,FRANKLIN COUNTY,"35,243",25,791,1,13,5,6,87,677,27,6
OH02505,GRANDVIEW HEIGHTS,FRANKLIN COUNTY,"7,831",,43,,,,,5,37,1,
OH02506,GROVE CITY,FRANKLIN COUNTY,"40,421",47,"1,365",4,14,24,5,112,"1,197",56,
OH02507,HILLIARD,FRANKLIN COUNTY,"36,144",17,404,,6,2,9,75,293,36,2
OH02508,REYNOLDSBURG,FRANKLIN COUNTY,"27,631",71,780,1,16,35,19,98,656,26,3
OH02509,UPPER ARLINGTON,FRANKLIN COUNTY,"35,214",12,512,,3,6,3,88,417,7,2
OH02510,WESTERVILLE,FRANKLIN COUNTY,"30,887",35,740,,9,13,13,60,667,13,2
OH02511,WHITEHALL,FRANKLIN COUNTY,"18,835",125,"1,269",,11,69,45,187,"1,001",81,12
OH02512,WORTHINGTON,FRANKLIN COUNTY,"14,692",11,267,2,2,3,4,27,227,13,1
OH02514,COLUMBUS & FRKLN COUNTY,FRANKLIN COUNTY,,,2,,,,,,2,,
OH02516,GROVEPORT,FRANKLIN COUNTY,"5,583",12,185,,3,6,3,29,144,12,1
OH02517,HARRISBURG,FRANKLIN COUNTY,337,,1,,,,,,1,,
OH02520,MINERVA PARK,FRANKLIN COUNTY,"1,318",2,17,,,1,1,2,14,1,
OH02521,NEW ALBANY,FRANKLIN COUNTY,"10,670",4,91,,2,,2,6,81,4,
OH02527,OHIO STATE UNIVERSITY: COLUMBUS,FRANKLIN COUNTY,,41,798,,30,5,6,24,763,11,1
OH02534,PERRY TOWNSHIP,FRANKLIN COUNTY,"3,758",2,53,,,1,1,4,47,2,
OH02535,MADISON TOWNSHIP,FRANKLIN COUNTY,"18,661",19,187,,2,5,12,51,129,7,
OH02540,SHARON TOWNSHIP,FRANKLIN COUNTY,"2,390",,41,,,,,3,37,1,
OH02544,COLUMBUS STATE COMMUNITY COLLEGE,FRANKLIN COUNTY,,1,43,,,1,,1,41,1,
OH02599,OTTERBEIN UNIVERSITY,FRANKLIN COUNTY,,,24,,,,,1,23,,
OH02500,FRANKLIN COUNTY SHERIFF,FRANKLIN COUNTY,"58,934",60,683,2,4,35,19,160,498,25,2
OH02601,ARCHBOLD,FULTON COUNTY,"4,338",2,41,,1,,1,6,34,1,
OH02603,FAYETTE,FULTON COUNTY,"1,265",2,12,,2,,,2,10,,1
OH02604,SWANTON,FULTON COUNTY,"3,768",5,51,,4,,1,8,39,4,
OH02605,WAUSEON,FULTON COUNTY,"7,407",10,169,,1,1,8,14,151,4,
OH02600,FULTON COUNTY SHERIFF,FULTON COUNTY,"22,688",24,191,,7,1,16,58,131,2,
OH02801,CHARDON,GEAUGA COUNTY,"5,199",10,96,,1,,9,4,91,1,
OH02803,BURTON,GEAUGA COUNTY,"1,460",,1,,,,,,1,,
OH02805,MIDDLEFIELD,GEAUGA COUNTY,"2,715",1,86,,,,1,2,84,,
OH02806,SOUTH RUSSELL,GEAUGA COUNTY,"3,819",,7,,,,,,7,,
OH02808,RUSSELL TOWNSHIP,GEAUGA COUNTY,"5,243",4,10,,,,4,1,9,,
OH02810,CHESTER TOWNSHIP,GEAUGA COUNTY,"10,355",,8,,,,,1,7,,
OH02812,BAINBRIDGE TOWNSHIP,GEAUGA COUNTY,"11,528",1,243,,,,1,5,238,,
OH02818,HOLDEN ARBORETUM,GEAUGA COUNTY,,,,,,,,,,,
OH02800,GEAUGA COUNTY SHERIFF,GEAUGA COUNTY,"53,977",19,185,,8,4,7,43,127,15,
OH02901,FAIRBORN,GREENE COUNTY,"33,936",82,723,,30,13,39,165,505,53,4
OH02903,XENIA,GREENE COUNTY,"26,331",55,811,1,16,8,30,141,636,34,6
OH02904,YELLOW SPRINGS,GREENE COUNTY,"3,713",11,72,,4,4,3,20,47,5,
OH02905,BELLBROOK,GREENE COUNTY,"7,159",5,39,,1,,4,,39,,
OH02909,JAMESTOWN,GREENE COUNTY,"2,036",3,84,,1,2,,27,53,4,1
OH02911,BEAVERCREEK,GREENE COUNTY,"46,572",38,"1,111",,13,9,16,49,"1,013",49,2
OH02912,WRIGHT STATE UNIVERSITY,GREENE COUNTY,,7,55,,4,3,,2,53,,
OH02913,SUGARCREEK TOWNSHIP,GREENE COUNTY,"8,300",4,181,,3,,1,14,162,5,
OH02914,CENTRAL STATE UNIVERSITY,GREENE COUNTY,,4,63,,,,4,12,51,,
OH05701,CENTERVILLE,GREENE COUNTY,2,,,,,,,,,,
OH05705,KETTERING,GREENE COUNTY,471,,8,,,,,2,6,,
OH02900,GREENE COUNTY SHERIFF,GREENE COUNTY,"33,052",36,421,3,16,2,15,97,298,26,2
OH03001,CAMBRIDGE,GUERNSEY COUNTY,"10,391",8,456,1,1,3,3,75,375,6,1
OH03002,BYESVILLE,GUERNSEY COUNTY,"2,372",,16,,,,,4,9,3,
OH03010,SENECAVILLE,GUERNSEY COUNTY,448,,,,,,,,,,
OHCIP00,CINCINNATI,HAMILTON COUNTY,"299,116","2,833","15,105",70,292,"1,196","1,275","3,448","10,172","1,485",1
OH01303,MILFORD,HAMILTON COUNTY,29,,1,,,,,,1,,
OH03101,ADDYSTON,HAMILTON COUNTY,936,3,21,,1,,2,5,15,1,
OH03102,AMBERLEY VILLAGE,HAMILTON COUNTY,"3,607",,29,,,,,1,28,,
OH03104,BLUE ASH,HAMILTON COUNTY,"12,248",16,278,2,2,4,8,42,229,7,
OH03105,CHEVIOT,HAMILTON COUNTY,"8,269",15,231,,1,9,5,33,177,21,
OH03106,CLEVES,HAMILTON COUNTY,"3,418",,1,,,,,,1,,
OH03107,DEER PARK,HAMILTON COUNTY,"5,665",6,51,,1,,5,4,44,3,
OH03108,DELHI TOWNSHIP,HAMILTON COUNTY,"29,619",15,416,,5,3,7,71,319,26,1
OH03109,ELMWOOD PLACE,HAMILTON COUNTY,"2,179",1,1,,,,1,,1,,
OH03110,EVENDALE,HAMILTON COUNTY,"2,767",9,233,,,1,8,8,218,7,
OH03111,FAIRFAX,HAMILTON COUNTY,"1,702",3,253,1,,2,,2,249,2,
OH03112,FOREST PARK,HAMILTON COUNTY,"18,665",50,435,1,7,20,22,70,345,20,1
OH03113,GLENDALE,HAMILTON COUNTY,"2,157",,10,,,,,2,8,,
OH03115,GREENHILLS,HAMILTON COUNTY,"3,584",1,43,,,,1,4,38,1,
OH03116,HARRISON,HAMILTON COUNTY,"11,246",6,182,1,,5,,16,157,9,
OH03117,INDIAN HILL,HAMILTON COUNTY,"5,830",2,43,,2,,,5,35,3,
OH03119,LOCKLAND,HAMILTON COUNTY,"3,427",16,131,1,1,3,11,27,85,19,1
OH03120,LOVELAND,HAMILTON COUNTY,"9,953",10,86,,5,1,4,19,61,6,1
OH03122,MARIEMONT,HAMILTON COUNTY,"3,435",,41,,,,,5,34,2,
OH03123,MONTGOMERY,HAMILTON COUNTY,"10,638",4,152,,2,1,1,8,139,5,
OH03124,MOUNT HEALTHY,HAMILTON COUNTY,"6,020",29,249,,6,10,13,56,170,23,1
OH03125,NEWTOWN,HAMILTON COUNTY,"2,679",1,21,,,,1,5,16,,
OH03127,NORTH COLLEGE HILL,HAMILTON COUNTY,"9,311",44,310,1,8,17,18,48,236,26,3
OH03128,NORWOOD,HAMILTON COUNTY,"19,994",68,895,,15,28,25,132,707,56,2
OH03129,READING,HAMILTON COUNTY,"10,307",28,291,1,4,7,16,52,232,7,
OH03133,SPRINGDALE,HAMILTON COUNTY,"11,203",,,,,,,,,,
OH03134,SPRINGFIELD TOWNSHIP,HAMILTON COUNTY,"36,571",73,674,1,6,31,35,131,495,48,7
OH03135,WOODLAWN,HAMILTON COUNTY,"3,292",12,129,,,4,8,4,120,5,
OH03136,WYOMING,HAMILTON COUNTY,"8,531",3,85,,,3,,15,68,2,
OH03137,UNIVERSITY OF CINCINNATI,HAMILTON COUNTY,,39,283,,31,1,7,15,261,7,
OH03142,COLERAIN TOWNSHIP,HAMILTON COUNTY,"58,996",100,"1,708",1,14,41,44,223,"1,400",85,7
OH03144,GREEN TOWNSHIP,HAMILTON COUNTY,"58,853",52,"1,237",,14,19,19,218,963,56,
OH03158,MOUNT ST. JOSEPH UNIVERSITY,HAMILTON COUNTY,,,5,,,,,2,3,,
OH03100,HAMILTONCOUNTY SHERIFF,HAMILTON COUNTY,"116,663",183,"2,507",4,44,54,81,399,"1,918",190,6
OH03146,HAMILTON COUNTY PARKS,HAMILTON COUNTY,,,75,,,,,3,72,,1
OH00201,BLUFFTON,HANCOCK COUNTY,170,,2,,,,,,2,,
OH03201,FINDLAY,HANCOCK COUNTY,"41,474",128,"1,304",3,25,24,76,216,"1,050",38,3
OH03207,MCCOMB,HANCOCK COUNTY,"1,655",,,,,,,,,,
OH03200,HANCOCK,HANCOCK COUNTY,"30,069",8,185,,2,,6,38,146,1,1
OH03601,GREENFIELD,HIGHLAND COUNTY,"4,582",13,99,3,3,2,5,28,50,21,2
OH03602,HILLSBORO,HIGHLAND COUNTY,"6,576",9,168,,7,1,1,23,134,11,1
OH03603,VILLAGE OF LEESBURG,HIGHLAND COUNTY,"1,295",1,54,,,,1,5,47,2,
OH03604,LYNCHBURG,HIGHLAND COUNTY,"1,480",,29,,,,,2,25,2,
OH03606,MOWRYSTOWN,HIGHLAND COUNTY,352,1,2,,,,1,,2,,
OH03600,HIGHLAND COUNTY SHERIFF,HIGHLAND COUNTY,"28,507",28,348,2,9,7,10,95,227,26,2
OH03701,LOGAN,HOCKING COUNTY,"7,077",18,289,,5,3,10,21,254,14,2
OH03702,LAURELVILLE,HOCKING COUNTY,507,1,3,,,1,,,3,,
OH03700,HOCKING COUNTY SHERIFF,HOCKING COUNTY,"20,632",25,351,,4,1,20,85,245,21,2
OH04103,STEUBENVILLE,JEFFERSON COUNTY,"17,979",49,"1,132",3,4,11,31,89,"1,021",22,6
OH04102,MINGO JUNCTION,JEFFERSON COUNTY,"3,278",4,12,,,1,3,6,6,,1
OH04104,TORONTO,JEFFERSON COUNTY,"4,814",14,20,,1,,13,4,15,1,
OH04105,WINTERSVILLE,JEFFERSON COUNTY,"3,750",2,68,,1,1,,8,58,2,
OH04106,YORKVILLE,JEFFERSON COUNTY,582,1,4,,,,1,1,3,,
OH04114,MOUNT PLEASANT,JEFFERSON COUNTY,447,,2,,,,,1,1,,
OH04120,TILTONSVILLE,JEFFERSON COUNTY,"1,302",,1,,,,,,1,,
OH04122,SALINE TOWNSHIP,JEFFERSON COUNTY,"1,265",,9,,,,,1,4,4,
OH04124,WELLS TOWNSHIP,JEFFERSON COUNTY,"2,671",,14,,,,,6,6,2,
OH04100,JEFFERSON COUNTY SHERIFF,JEFFERSON COUNTY,"21,314",3,17,,,,3,5,11,1,
OH04201,MOUNT VERNON,KNOX COUNTY,"16,553",22,621,1,6,,15,89,525,7,3
OH04203,DANVILLE,KNOX COUNTY,"1,004",1,33,,,,1,7,24,2,
OH04204,FREDERICKTOWN,KNOX COUNTY,"2,461",4,55,,,,4,12,43,,
OH04513,UTICA,KNOX COUNTY,20,,,,,,,,,,
OH04200,KNOX COUNTY SHERIFF,KNOX COUNTY,"40,890",56,384,2,26,1,27,108,276,,
OH04301,EASTLAKE,LAKE COUNTY,"18,056",14,330,1,2,5,6,38,282,10,1
OH04302,FAIRPORT HARBOR,LAKE COUNTY,"3,050",7,73,,1,1,5,14,57,2,2
OH04304,KIRTLAND HILLS,LAKE COUNTY,638,,,,,,,,,,
OH04306,MENTOR,LAKE COUNTY,"46,663",72,908,,11,17,44,105,780,23,6
OH04307,MENTOR-ON-THE-LAKE,LAKE COUNTY,"7,359",9,81,,,1,8,14,61,6,
OH04308,PAINESVILLE,LAKE COUNTY,"19,719",11,22,1,1,,9,7,13,2,
OH04310,WAITE HILL,LAKE COUNTY,449,1,,,,,1,,,,
OH04311,WICKLIFFE,LAKE COUNTY,"12,679",9,152,,,4,5,26,118,8,
OH04312,WILLOUGHBY,LAKE COUNTY,"22,857",34,440,,1,17,16,37,385,18,1
OH04318,MADISON TOWNSHIP,LAKE COUNTY,"15,380",4,67,,,,4,8,57,2,
OH04321,LAKELAND COMMUNITY,LAKE COUNTY,,,14,,,,,,14,,
OH04322,KIRTLAND,LAKE COUNTY,"6,759",1,18,,,,1,5,13,,
OH04300,LAKE COUNTY SHERIFF,LAKE COUNTY,"45,532",303,334,,29,45,229,61,269,4,1
OH04324,LAKE METROPARKS,LAKE COUNTY,,2,4,1,,,1,,4,,
OH02508,REYNOLDSBURG,Licking County,"9,137",25,256,,6,12,7,32,216,8,1
OH02521,NEW ALBANY,Licking County,168,,1,,,,,,1,,
OH04501,NEWARK,Licking County,"49,389",91,"1,628",1,47,14,29,331,"1,154",143,12
OH04503,GRANVILLE,Licking County,"5,787",,39,,,,,5,32,2,
OH04507,HEATH,Licking County,"10,681",23,598,,7,2,14,77,493,28,
OH04509,JOHNSTOWN,Licking County,"5,025",2,63,,1,,1,4,56,3,
OH04510,KIRKERSVILLE,Licking County,537,,2,,,,,,2,,
OH04513,UTICA,Licking County,"2,179",3,28,,,,3,7,20,1,
OH04500,LICKING COUNTY SHERIFF,Licking County,"65,171",60,983,4,19,12,25,291,613,79,1
OH04601,BELLEFONTAINE,Logan County,"13,144",14,331,,6,2,6,46,280,5,2
OH04602,RUSSELLS POINT,Logan County,"1,367",4,22,1,2,,1,3,19,,
OH04610,WEST LIBERTY,Logan County,"1,785",1,5,,,,1,1,3,1,
OH04600,LOGAN COUNTY SHERIFF,Logan County,"25,465",20,255,1,11,,8,68,177,10,3
OH04704,ELYRIA,Lorain County,"53,586",191,"1,146",3,39,64,85,248,842,56,12
OH02204,VERMILION,Lorain County,"5,778",2,54,,1,,1,8,45,1,
OH04701,AMHERST,Lorain County,"12,090",5,157,,,2,3,14,140,3,1
OH04703,AVON LAKE,Lorain County,"23,839",8,124,,,1,7,21,97,6,1
OH04705,LORAIN,Lorain County,"63,672",373,"2,019",2,30,87,254,590,"1,335",94,11
OH04706,OBERLIN,Lorain County,"8,321",13,171,,6,,7,33,136,2,1
OH04707,NORTH RIDGEVILLE,Lorain County,"33,586",17,140,1,7,2,7,47,89,4,
OH04708,SHEFFIELD LAKE,Lorain County,"8,983",7,115,,5,2,,23,84,8,
OH04710,GRAFTON,Lorain County,"6,182",1,40,,1,,,16,24,,
OH04700,LORAIN COUNTY SHERIFF,Lorain County,"61,609",55,563,,14,9,32,203,344,16,9
OH04807,TOLEDO,Lucas County,"277,116","2,829","11,095",35,180,780,"1,834","3,103","7,247",745,
OH02604,SWANTON,Lucas County,145,,1,,,,,,1,,
OH04801,MAUMEE,Lucas County,"13,809",5,305,,,3,2,31,265,9,
OH04802,OREGON,Lucas County,"19,991",36,779,1,10,8,17,75,682,22,1
OH04803,OTTAWA HILLS,Lucas County,"4,488",,50,,,,,11,35,4,
OH04805,SYLVANIA,Lucas County,"18,908",6,86,,3,,3,12,67,7,
OH04806,SYLVANIA TOWNSHIP,Lucas County,"29,536",39,688,,4,12,23,73,577,38,
OH04810,HOLLAND,Lucas County,"1,662",7,349,,1,4,2,10,335,4,3
OH04811,WATERVILLE,Lucas County,"5,518",1,25,,,,1,3,22,,
OH04812,WHITEHOUSE,Lucas County,"4,622",2,8,,,1,1,1,7,,
OH04813,UNIVERSITY OF TOLED,Lucas County,,7,185,,,5,2,5,177,3,
OH04815,WASHINGTON TOWNSHIP,Lucas County,"3,241",,2,,,,,1,1,,
OH04818,WATERVILLE TOWNSHIP,Lucas County,"1,655",,,,,,,,,,
OH04819,TOLEDO FIRE DEPARTMENT,Lucas County,,,,,,,,,,,111
OH04822,TOLEDO METRO PARK,Lucas County,,1,1,,,,1,,1,,
OH04800,LUCAS COUNTY SHERIFF,Lucas County,"51,193",90,991,,19,25,46,224,706,61,4
OH04901,LONDON,Madison County,"10,202",14,254,,2,2,10,52,189,13,1
OH04902,WEST JEFFERSON,Madison County,"4,347",2,58,,,,2,5,51,2,
OH04900,MADISON COUNTY SHERIFF,Madison County,"25,093",14,347,,4,2,8,102,224,21,3
OH05002,BOARDMAN,Mahoning County,"39,276",61,"1,482",,14,31,16,164,"1,289",29,6
OH05009,YOUNGSTOWN,Mahoning County,"63,878",447,"2,362",23,32,151,241,847,"1,283",232,82
OH01501,COLUMBIANA,Mahoning County,650,,4,,,,,,4,,
OH01506,SALEM,Mahoning County,4,,,,,,,,,,
OH01513,WASHINGTONVILLE,Mahoning County,335,,1,,,,,,1,,
OH05001,AUSTINTOWN,Mahoning County,"35,303",62,789,,9,14,39,109,659,21,1
OH05003,CAMPBELL,Mahoning County,"7,875",9,50,,,2,7,19,25,6,
OH05004,CANFIELD,Mahoning County,"7,246",3,46,,1,,2,10,36,,2
OH05005,LOWELLVILLE,Mahoning County,"1,097",,1,,,,,1,,,
OH05006,POLAND VILLAGE,Mahoning County,"2,444",,8,,,,,,6,2,1
OH05007,SEBRING,Mahoning County,"4,232",11,111,,4,,7,14,92,5,
OH05008,STRUTHERS,Mahoning County,"10,228",15,216,,1,4,10,58,148,10,
OH05011,CRAIG BEACH,Mahoning County,"1,129",1,6,,1,,,1,4,1,
OH05012,NEW MIDDLETOWN,Mahoning County,"1,553",,15,,,,,4,9,2,
OH05013,BEAVER TOWNSHIP,Mahoning County,"6,427",2,102,,1,,1,23,74,5,1
OH05016,SPRINGFIELD TOWNSHIP,Mahoning County,"6,374",7,55,,2,,5,17,34,4,1
OH05018,GOSHEN TOWNSHIP,Mahoning County,"3,072",3,55,,2,,1,6,44,5,1
OH05020,MILTON TOWNSHIP,Mahoning County,"2,445",2,36,,1,1,,7,27,2,1
OH05021,JACKSON TOWNSHIP,Mahoning County,"2,018",2,32,,,,2,14,18,,
OH05022,POLAND TOWNSHIP,Mahoning County,"11,921",3,53,,1,1,1,14,39,,
OH05023,COITSVILLE TOWNSHIP,Mahoning County,"1,326",3,44,,1,,2,16,24,4,
OH07601,ALLIANCE,Mahoning County,35,,1,,,,,,1,,
OH05000,MAHONING COUNTY SHERIFF,Mahoning County,"16,141",4,67,,,,4,19,40,8,
OH05201,BRUNSWICK,Medina County,"34,838",21,194,1,2,4,14,22,161,11,
OH05202,MEDINA,Medina County,"26,199",17,324,1,5,5,6,55,269,,
OH05203,WADSWORTH,Medina County,"23,388",24,333,,4,1,19,28,301,4,1
OH05207,WESTFIELD CENTER,Medina County,"1,164",,1,,,,,1,,,
OH05210,SPENCER,Medina County,777,2,6,,1,,1,1,5,,
OH05212,HINCKLEY TOWNSHIP,Medina County,"7,970",1,17,,,,1,3,13,1,
OH05213,MONTVILLE TOWNSHIP,Medina County,"11,718",,61,,,,,15,46,,
OH05214,MEDINA TOWNSHIP,Medina County,"8,940",5,109,,1,,4,3,101,5,
OH05215,BRUNSWICK HILLS TOWNSHIP,Medina County,"10,309",2,40,,1,,1,11,27,2,
OH08502,RITTMAN,Medina County,114,,2,,,,,1,1,,
OH08507,CRESTON,Medina County,91,,1,,,,,,1,,
OH05200,MEDINA COUNTY SHERIFF,Medina County,"47,744",,89,,,,,28,61,,
OH05404,COLDWATER,Mercer County,"4,519",3,53,,3,,,6,47,,
OH05405,FORT RECOVERY,Mercer County,"1,436",1,12,,,,1,3,8,1,
OH05408,ROCKFORD,Mercer County,"1,099",,4,,,,,,4,,
OH05409,ST. HENRY,Mercer County,"2,527",1,8,,,,1,1,7,,
OH05400,MERCER COUNTY SHERIFF,Mercer County,"21,146",5,106,,3,,2,15,87,4,
OH05502,PIQUA,Miami County,"20,973",54,819,1,33,11,9,120,681,18,2
OH05503,TIPP CITY,Miami County,"9,957",4,140,,4,,,11,119,10,4
OH05504,TROY,Miami County,"25,865",38,502,1,20,6,11,60,434,8,
OH05506,COVINGTON,Miami County,"2,637",3,16,,,,3,2,14,,
OH05714,HUBER HEIGHTS,Miami County,995,2,24,,,1,1,3,20,1,
OH05500,MIAMI COUNTY SHERIFF,Miami County,"40,126",25,390,,14,1,10,101,262,27,1
OH05702,DAYTON,Montgomery County,"140,171","1,232","6,083",30,122,393,687,"1,779","3,688",616,26
OH05701,CENTERVILLE,Montgomery County,"23,780",14,373,,2,4,8,30,327,16,
OH05703,GERMANTOWN,Montgomery County,"5,477",4,68,,2,1,1,15,49,4,
OH05705,KETTERING,Montgomery County,"54,681",70,852,,23,26,21,190,610,52,3
OH05707,MIAMI TOWNSHIP,Montgomery County,"28,996",28,953,,5,6,17,71,839,43,2
OH05708,MIAMISBURG,Montgomery County,"19,928",14,257,,4,2,8,46,204,7,3
OH05709,MORAINE,Montgomery County,"6,360",27,541,,8,10,9,60,456,25,4
OH05711,CLAYTON,Montgomery County,"13,149",5,118,,,4,1,17,92,9,
OH05712,TROTWOOD,Montgomery County,"24,308",69,891,3,15,35,16,257,489,145,6
OH05713,VANDALIA,Montgomery County,"15,022",26,310,,10,11,5,66,219,25,2
OH05714,HUBER HEIGHTS,Montgomery County,"37,001",75,927,,15,20,40,114,762,51,5
OH05715,WEST CARROLLTON,Montgomery County,"12,898",23,285,1,5,11,6,66,198,21,4
OH05716,BROOKVILLE,Montgomery County,"5,896",6,67,,3,3,,15,47,5,
OH05718,ENGLEWOOD,Montgomery County,"13,504",19,443,,1,7,11,8,423,12,5
OH05720,NEW LEBANON,Montgomery County,"3,966",10,95,,2,4,4,22,70,3,1
OH05722,RIVERSIDE,Montgomery County,"24,939",22,270,,8,7,7,27,131,112,8
OH05724,BUTLER TOWNSHIP,Montgomery County,"7,799",24,425,,5,9,10,29,372,24,2
OH05725,GERMAN TOWNSHIP,Montgomery County,"2,876",2,20,,,,2,7,11,2,
OH05727,JACKSON TOWNSHIP,Montgomery County,"3,658",1,13,,,,1,4,8,1,
OH05728,PERRY TOWNSHIP,Montgomery County,"3,322",,3,,,,,2,1,,
OH05729,CLAY TOWNSHIP,Montgomery County,"4,193",8,22,,3,,5,7,14,1,
OH05733,SINCLAIR COMMUNITY COLLEGE,Montgomery County,,1,39,,,1,,11,28,,
OH08308,CARLISLE,Montgomery County,201,,1,,,,,,1,,
OH08314,SPRINGBORO,Montgomery County,"1,273",,8,,,,,1,7,,
OH05700,MONTGOMERY COUNTY SHERIFF,Montgomery County,"62,832",237,"1,278",2,36,96,103,360,693,225,19
OH06001,ZANESVILLE,Muskingum County,"25,457",100,"1,157",,19,21,60,203,897,57,16
OH06003,DRESDEN,Muskingum County,"1,707",,5,,,,,1,4,,
OH06004,FRAZEYSBURG,Muskingum County,"1,294",1,9,,,,1,4,5,,
OH06006,NEW CONCORD,Muskingum County,"2,337",,7,,,,,,7,,
OH06009,ROSEVILLE,Muskingum County,763,1,10,,1,,,2,6,2,
OH06010,SOUTH ZANESVILLE,Muskingum County,"1,970",1,34,,,,1,4,29,1,
OH06013,MUSKINGUM UNIVERSITY,Muskingum County,,1,4,,,,1,1,3,,
OH06000,MUSKINGUM COUNTY SHERIFF,Muskingum County,"52,740",59,903,,38,10,11,233,610,60,4
OH06201,OAK HARBOR,Ottawa County,"2,731",1,36,,1,,,8,28,,
OH06202,PORT CLINTON,Ottawa County,"5,928",21,170,,12,3,6,31,126,13,
OH06205,GENOA,Ottawa County,"2,276",1,7,,,,1,2,5,,1
OH06207,PUT-IN-BAY,Ottawa County,135,,1,,,,,,,1,
OH06213,CATAWBA ISLAND TOWNSHIP,Ottawa County,"3,504",1,4,,,,1,1,2,1,
OH06214,CARROLL TOWNSHIP,Ottawa County,"2,085",2,17,1,,,1,3,14,,
OH06200,OTTAWA COUNTY SHERIFF,Ottawa County,"19,687",4,217,,4,,,43,166,8,
OH06310,PAYNE,Paulding County,"1,147",1,8,,1,,,2,6,,
OH06300,PAULDING COUNTY SHERIFF,Paulding County,"13,223",8,98,,2,1,5,32,66,,2
OH06009,ROSEVILLE,Perry County,"1,083",3,12,,1,1,1,2,8,2,
OH06401,CROOKSVILLE,Perry County,"2,491",,,,,,,,,,
OH06402,NEW LEXINGTON,Perry County,"4,716",11,134,,6,1,4,14,112,8,1
OH06403,NEW STRAITSVILLE,Perry County,709,,1,,,,,,1,,
OH06407,JUNCTION CITY,Perry County,803,1,6,,,,1,2,4,,
OH06410,SHAWNEE,Perry County,641,,1,,,,,,,1,
OH06411,SOMERSET,Perry County,"1,460",,4,,,,,1,3,,
OH06412,THORNVILLE,Perry County,997,,3,,,,,1,2,,
OH06400,PERRY COUNTY SHERIFF,Perry County,"22,534",12,72,,5,3,4,24,47,1,1
OH06501,CIRCLEVILLE,Pickaway County,"13,972",57,714,,13,21,23,136,550,28,4
OH06502,ASHVILLE,Pickaway County,"4,211",3,53,1,,1,1,9,40,4,
OH06503,COMMERCIAL POINT,Pickaway County,"1,617",,21,,,,,6,14,1,
OH06508,SOUTH BLOOMFIELD,Pickaway County,"1,884",,39,,,,,2,34,3,
OH06500,PICKAWAY COUNTY SHERIFF,Pickaway County,"35,609",24,656,,6,5,13,182,449,25,5
OH06701,AURORA,Portage County,"15,932",3,187,,,1,2,17,168,2,
OH06702,GARRETTSVILLE,Portage County,"2,321",,20,,,,,1,17,2,
OH06703,KENT,Portage County,"30,270",44,451,,1,11,32,75,359,17,1
OH06706,WINDHAM,Portage County,"2,199",4,36,,,,4,10,24,2,
OH06707,BRADY LAKE,Portage County,460,,,,,,,,,,
OH06708,HIRAM,Portage County,"1,164",3,,,1,,2,,,,
OH06711,KENT STATE UNIVERSITY,Portage County,,3,167,,,,3,2,164,1,
OH06712,STREETSBORO,Portage County,"16,308",11,343,,2,5,4,24,309,10,
OH06713,BRIMFIELD TOWNSHIP,Portage County,"10,348",7,291,,1,2,4,28,254,9,
OH06714,UNV HOSP PORTAGE ME,Portage County,,,1,,,,,,1,,
OH07708,MOGADORE,Portage County,"1,002",,12,,,,,3,9,,
OH07713,TALLMADGE,Portage County,287,,5,,,,,1,4,,
OH06700,PORTAGE COUNTY SHERIFF,Portage County,"70,629",62,"1,029",,10,6,46,255,730,44,8
OH06802,CAMDEN,Preble County,"1,951",,2,,,,,,2,,
OH06805,GRATIS,Preble County,855,,8,,,,,1,6,1,
OH06809,WEST ALEXANDRIA,Preble County,"1,339",1,13,,1,,,4,9,,
OH06800,PREBLE COUNTY SHERIFF,Preble County,"27,117",24,243,2,6,,16,69,149,25,
OH06901,OTTAWA,Putnam County,"4,394",6,14,,2,,4,,13,1,
OH06904,COLUMBUS GROVE,Putnam County,"2,077",,1,,,,,,1,,
OH06911,LEIPSIC,Putnam County,"2,022",1,12,,,,1,4,8,,
OH06913,OTTOVILLE,Putnam County,975,,,,,,,,,,
OH06914,PANDORA,Putnam County,"1,146",,3,,,,,1,2,,
OH06916,KALIDA,Putnam County,"1,569",1,,,,,1,,,,
OH06900,PUTNAM COUNTY SHERIFF,Putnam County,"20,451",6,88,1,4,,1,30,56,2,1
OH07001,MANSFIELD,Richland County,"46,507",248,"2,392",7,45,75,121,569,"1,745",78,19
OH01702,CRESTLINE,Richland County,18,,,,,,,,,,
OH07002,ONTARIO,Richland County,"6,058",8,328,,,7,1,7,320,1,
OH07003,PLYMOUTH,Richland County,912,,2,,,,,,1,1,
OH07004,SHELBY,Richland County,"8,987",11,262,,9,,2,54,205,3,1
OH07005,BELLVILLE,Richland County,"1,864",,18,,,,,2,15,1,
OH07007,LEXINGTON,Richland County,"4,686",,9,,,,,1,8,,1
OH07000,RICHLAND COUNTY SHERIFF,Richland County,"50,986",57,958,,15,15,27,264,649,45,3
OH07101,CHILLICOTHE,Ross County,"21,695",93,"1,496",,14,28,51,284,"1,160",52,6
OH07100,ROSS COUNTY SHERIFF,Ross County,"55,325",104,"1,290",,39,8,57,358,824,108,16
OH07202,CLYDE,Sandusky County,"6,191",4,116,,,,4,21,92,3,1
OH07203,FREMONT,Sandusky County,"16,241",31,866,1,2,12,16,151,699,16,
OH07200,SANDUSKY COUNTY SHERIFF,Sandusky County,"27,107",41,70,,,,41,17,52,1,
OH07210,SANDUSKY COUNTY PARK,Sandusky County,,,,,,,,,,,
OH07301,NEW BOSTON,Scioto County,"2,134",7,216,,,3,4,29,176,11,
OH07302,PORTSMOUTH,Scioto County,"20,451",118,"1,235",4,22,34,58,275,891,69,2
OH07309,SHAWNEE STATE UNIVERSITY,Scioto County,,2,19,,,1,1,4,15,,
OH07300,SCIOTO COUNTY SHERIFF,Scioto County,"53,141",49,803,,20,7,22,246,506,51,7
OH07402,TIFFIN,Seneca County,"17,481",18,390,,2,4,12,55,331,4,1
OH07400,SENECA COUNTY SHERIFF,Seneca County,"24,732",51,240,2,5,44,,89,151,,
OH07501,SIDNEY,Shelby County,"20,466",42,822,3,24,9,6,162,641,19,6
OH07504,FORT LORAMIE,Shelby County,"1,500",,2,,,,,,1,1,
OH07500,SHELBY COUNTY SHERIFF,Shelby County,"23,719",22,131,1,4,1,16,31,95,5,1
OH07604,CANTON,Stark County,"71,031",836,"3,766",16,97,188,535,"1,008","2,512",246,12
OH07608,MASSILLON,Stark County,"32,265",52,401,,14,11,27,69,326,6,6
OH07601,ALLIANCE,Stark County,"21,803",75,799,,14,11,50,109,649,41,6
OH07602,BREWSTER,Stark County,"2,154",,14,,,,,2,12,,1
OH07603,CANAL FULTON,Stark County,"5,428",2,75,,1,,1,26,47,2,
OH07605,EAST CANTON,Stark County,"1,589",,10,,,,,,10,,
OH07606,HARTVILLE,Stark County,"3,030",2,78,,,,2,1,77,,1
OH07607,LOUISVILLE,Stark County,"9,373",2,123,,,,2,22,98,3,1
OH07609,MINERVA,Stark County,"1,931",1,20,,,,1,4,14,2,
OH07610,NAVARRE,Stark County,"1,901",1,22,,,,1,3,18,1,
OH07611,NORTH CANTON,Stark County,"17,348",12,281,,4,3,5,41,232,8,
OH07612,BEACH CITY,Stark County,989,,6,,,,,1,4,1,
OH07622,LAWRENCE TOWNSHIP,Stark County,"8,273",9,85,2,2,,5,31,48,6,
OH07624,JACKSON TOWNSHIP,Stark County,"40,624",58,"1,101",1,14,24,19,120,963,18,7
OH07625,UNIONTOWN,Stark County,"3,340",3,80,,2,,1,16,58,6,
OH07630,MAGNOLIA,Stark County,714,1,13,,1,,,2,10,1,
OH07600,STARK COUNTY SHERIFF,Stark County,"118,577",122,"1,795",4,34,27,57,449,"1,233",113,7
OH07701,AKRON,Summit County,"197,412","1,377","8,360",42,209,395,731,"2,301","5,304",755,103
OH07702,BARBERTON,Summit County,"26,050",103,881,1,19,14,69,158,682,41,8
OH07703,CUYAHOGA FALLS,Summit County,"49,145",49,"1,209",2,18,8,21,143,"1,027",39,1
OH07705,HUDSON,Summit County,"22,248",12,114,,2,1,9,36,76,2,4
OH07706,LAKEMORE,Summit County,"3,059",5,31,,,1,4,2,27,2,
OH07707,MACEDONIA,Summit County,"12,027",5,206,,1,1,3,14,189,3,1
OH07708,MOGADORE,Summit County,"2,827",,37,,,,,9,27,1,
OH07709,NORTHFIELD,Summit County,"3,669",5,39,,,1,4,4,32,3,
OH07710,NORTON,Summit County,"11,994",9,186,,4,,5,38,137,11,1
OH07712,STOW,Summit County,"34,692",32,690,1,19,6,6,102,584,4,
OH07713,TALLMADGE,Summit County,"17,242",18,329,,6,8,4,54,263,12,5
OH07714,TWINSBURG,Summit County,"18,891",18,111,2,,4,12,9,99,3,
OH07717,MUNROE FALLS,Summit County,"5,051",1,39,,,,1,7,32,,
OH07718,PENINSULA,Summit County,563,,22,,,,,2,19,1,
OH07719,REMINDERVILLE,Summit County,"4,235",2,30,,1,1,,3,26,1,
OH07720,BATH TOWNSHIP,Summit County,"9,678",9,116,,2,3,4,14,100,2,
OH07725,SPRINGFIELD TOWNSHI,Summit County,"14,434",32,781,,8,11,13,108,645,28,4
OH07727,COPLEY TOWNSHIP,Summit County,"17,280",15,163,1,1,2,11,24,133,6,
OH07728,UNIVERSITY OF AKRON,Summit County,,6,183,,5,,1,5,171,7,
OH07729,NEW FRANKLIN,Summit County,"14,137",15,117,,3,2,10,29,84,4,
OH07730,SAGAMORE HILLS,Summit County,"10,951",,35,,,,,7,27,1,
OH07700,SUMMIT COUNTY SHERIFF,Summit County,"51,006",59,"1,105",2,22,11,24,195,852,58,7
OH05009,YOUNGSTOWN,Trumbull County,11,,,,,,,,,,
OH07807,WARREN,Trumbull County,"39,643",227,"1,608",11,32,101,83,494,"1,008",106,2
OH07802,HUBBARD,Trumbull County,"7,533",8,110,,3,,5,10,99,1,2
OH07803,LIBERTY TOWNSHIP,Trumbull County,"11,556",30,148,,2,5,23,32,102,14,
OH07805,NEWTON FALLS,Trumbull County,"4,567",10,100,,4,,6,18,76,6,
OH07806,NILES,Trumbull County,"18,334",55,536,,8,12,35,95,424,17,
OH07808,CORTLAND,Trumbull County,"6,844",1,46,,,1,,6,39,1,
OH07810,WEST FARMINGTON,Trumbull County,480,,1,,,,,1,,,
OH07812,HOWLAND TOWNSHIP,Trumbull County,"16,608",14,383,,1,7,6,44,319,20,
OH07814,LORDSTOWN,Trumbull County,"3,242",3,44,,1,,2,10,31,3,1
OH07815,BAZETTA TOWNSHIP,Trumbull County,"5,614",6,127,,1,,5,18,109,,
OH07816,HUBBARD TOWNSHIP,Trumbull County,"5,372",7,93,,3,1,3,21,65,7,
OH07819,HARTFORD TOWNSHIP,Trumbull County,"1,978",,9,,,,,3,5,1,
OH07821,WARREN TOWNSHIP,Trumbull County,"5,255",21,172,,1,3,17,52,106,14,
OH07823,WEATHERSFIELD,Trumbull County,"7,962",6,33,1,3,1,1,4,26,3,1
OH07800,TRUMBULL COUNTY SHERIFF,Trumbull County,"26,945",24,318,1,6,3,14,136,153,29,2
OH07901,DENNISON,Tuscarawas County,"2,625",2,7,,,,2,,6,1,1
OH07902,DOVER,Tuscarawas County,"12,839",9,122,,2,1,6,27,90,5,
OH07903,NEWCOMERSTOWN,Tuscarawas County,"3,767",3,69,1,,1,1,13,50,6,
OH07904,NEW PHILADELPHIA,Tuscarawas County,"17,492",9,139,,,2,7,15,120,4,
OH07906,UHRICHSVILLE,Tuscarawas County,"5,372",5,48,,3,1,1,7,30,11,
OH07909,BOLIVAR,Tuscarawas County,986,,1,,,,,,1,,
OH07910,GNADENHUTTEN,Tuscarawas County,"1,282",,2,,,,,,2,,
OH07914,PORT WASHINGTON,Tuscarawas County,566,,2,,,,,1,1,,
OH07918,STRASBURG,Tuscarawas County,"2,689",1,23,,,1,,5,18,,
OH07919,TUSCARAWAS,Tuscarawas County,"1,055",,2,,,,,,2,,
OH07921,MUSKINGUM WATERSHED,Tuscarawas County,,6,41,,1,,5,4,37,,
OH07900,TUSCARAWAS COUNTY SHERIFF,Tuscarawas County,"41,002",22,234,1,8,3,10,66,150,18,2
OH02503,DUBLIN,Union County,"2,510",1,29,,1,,,3,25,1,
OH08001,MARYSVILLE,Union County,"23,622",17,290,1,4,3,9,27,255,8,1
OH08000,UNION COUNTY SHERIFF,Union County,"26,823",24,221,,5,,19,44,158,19,1
OH00202,DELPHOS,Van Wert County,"3,052",3,69,,3,,,13,56,,
OH08101,VAN WERT,Van Wert County,"10,713",22,330,1,7,3,11,56,268,6,
OH08100,VAN WERT COUNTY SHERIFF,Van Wert County,"14,621",17,109,,5,,12,35,70,4,
OH00903,MIDDLETOWN,Warren County,"2,759",14,168,,2,5,7,39,119,10,
OH00905,MONROE,Warren County,144,,3,,,,,,3,,
OH03120,LOVELAND,Warren County,823,,7,,,,,2,5,,
OH08301,FRANKLIN,Warren County,"11,779",31,443,1,6,13,11,70,359,14,1
OH08302,HARVEYSBURG,Warren County,557,,,,,,,,,,
OH08303,LEBANON,Warren County,"20,741",4,116,,,1,3,12,101,3,2
OH08304,MASON,Warren County,"33,406",12,357,,5,3,4,31,321,5,
OH08308,CARLISLE,Warren County,"5,194",3,43,,1,,2,11,32,,
OH08310,HAMILTON TOWNSHIP,Warren County,"22,916",3,59,,1,,2,6,52,1,
OH08311,MAINEVILLE,Warren County,"1,070",,1,,,,,1,,,
OH08314,SPRINGBORO,Warren County,"17,359",10,114,,5,,5,14,98,2,
OH08316,CLEARCREEK TOWNSHIP,Warren County,"15,531",11,74,1,2,,8,8,63,3,
OH08300,WARREN COUNTY SHERIFF,Warren County,"94,645",60,888,1,15,10,34,129,679,80,3
OH08401,BELPRE,Washington County,"6,466",2,76,,,,2,15,56,5,
OH08402,MARIETTA,Washington County,"13,582",23,250,,11,2,10,37,197,16,2
OH08408,MARIETTA COLLEGE,Washington County,,,3,,,,,,3,,
OH08400,WASHINGTON COUNTY SHERIFF,Washington County,"37,799",9,146,,2,,7,39,98,9,1
OH07710,NORTON,Wayne County,4,,,,,,,,,,
OH08501,ORRVILLE,Wayne County,"8,527",15,107,,6,,9,17,84,6,
OH08502,RITTMAN,Wayne County,"6,496",9,107,,3,2,4,35,64,8,1
OH08503,WOOSTER,Wayne County,"27,172",102,916,,30,24,48,157,722,37,6
OH08504,APPLE CREEK,Wayne County,"1,188",2,4,,,,2,,4,,
OH08507,CRESTON,Wayne County,"2,097",1,20,,,,1,6,12,2,1
OH08511,MARSHALLVILLE,Wayne County,761,1,1,,1,,,,1,,
OH08514,SMITHVILLE,Wayne County,"1,277",1,1,,1,,,,1,,
OH08500,WAYNE COUNTY SHERIFF,Wayne County,"61,363",66,541,2,13,4,47,214,297,30,6
OH08602,MONTPELIER,Williams County,"3,976",27,139,,5,1,21,28,105,6,
OH08607,PIONEER,Williams County,"1,412",3,31,,2,,1,5,24,2,
OH08600,WILLIAMS COUNTY SHERIFF,Williams County,"19,588",4,24,,,1,3,11,10,3,
OH08701,BOWLING GREEN,Wood County,"31,779",41,587,,20,6,15,86,486,15,3
OH08702,NORTH BALTIMORE,Wood County,"3,546",10,46,,2,,8,9,36,1,
OH08703,PERRYSBURG,Wood County,"21,732",7,232,,3,4,,10,221,1,
OH08706,BLOOMDALE,Wood County,686,1,5,,,,1,3,2,,
OH08707,BRADNER,Wood County,"1,024",1,2,,,,1,,2,,
OH08718,NORTHWOOD,Wood County,"5,423",19,138,,2,4,13,17,116,5,
OH08719,PEMBERVILLE,Wood County,"1,425",,1,,,,,,1,,
OH08724,WAYNE,Wood County,927,,,,,,,,,,
OH08727,BOWLING GREEN STATE,Wood County,,,31,,,,,,31,,
OH08728,PERRYSBURG TOWNSHIP,Wood County,"12,784",5,167,,1,,4,21,139,7,
OH08700,WOOD COUNTY SHERIFF,Wood County,"29,991",26,343,2,12,1,11,99,228,16,3
OH08734,WOOD COUNTY PARK,Wood County,,,6,,,,,,6,,
