,Unnamed: 0_x,County_x,City,2017 Population,2017 Violent Crime,2017 Murder,2017 Rape,2017 Robbery,2017 Aggravated Assault,Crime_Percent2017,Unnamed: 0_y,County_y,2016 Population,2016 Violent Crime,2016 Murder,2016 Rape,2016 Robbery,2016 Aggravated Assault,Unnamed: 0_x,County_x,2015 Population,2015 Violent Crime,2015 Murder,2015 Rape,2015 Robbery,2015 Aggravated Assault,Unnamed: 0_y,County_y,2014 Population,2014 Violent Crime,2014 Murder,2014 Rape,2014 Robbery,2014 Aggravated Assault,Unnamed: 0,County,2013 Population,2013 Violent Crime,2013 Murder,2013 Rape,2013 Robbery,2013 Aggravated Assault
0,7,Allen County,Lima,37220,275,5,52,81,137,738.8500806,9.0,Allen County,37715.0,356.0,8.0,44.0,123.0,181.0,10.0,Allen County,38154.0,347.0,2.0,48.0,83.0,214.0,11.0,Allen County,38265.0,353.0,3.0,40.0,71.0,239.0,11.0,Allen County,38214.0,366.0,3.0,42.0,78.0,243.0
1,8,Allen County,Bluffton,3987,1,0,1,0,0,25.08151492,10.0,Allen County,3953.0,1.0,0.0,0.0,1.0,0.0,11.0,Allen County,3996.0,3.0,0.0,0.0,0.0,3.0,12.0,Allen County,4060.0,4.0,,1.0,1.0,2.0,12.0,Allen County,3824.0,1.0,,,,1.0
2,9,Allen County,Delphos,3927,3,0,3,0,0,76.39419404,11.0,Allen County,3884.0,2.0,0.0,1.0,0.0,1.0,12.0,Allen County,3906.0,1.0,0.0,0.0,0.0,1.0,13.0,Allen County,3920.0,2.0,,1.0,1.0,,13.0,Allen County,3917.0,1.0,,1.0,,
3,10,Allen County,Spencerville,2184,0,0,0,0,0,0.0,12.0,Allen County,2195.0,1.0,0.0,0.0,0.0,1.0,13.0,Allen County,2208.0,3.0,1.0,1.0,0.0,1.0,14.0,Allen County,2207.0,3.0,,,,3.0,14.0,Allen County,2198.0,1.0,,,,1.0
4,11,Allen County,Elida,1836,1,0,0,0,1,54.46623094,13.0,Allen County,1852.0,0.0,0.0,0.0,0.0,0.0,14.0,Allen County,1861.0,4.0,0.0,0.0,0.0,4.0,15.0,Allen County,1866.0,,,,,,15.0,Allen County,1859.0,,,,,
5,12,Allen County,Fort Shawnee,12096,14,1,4,3,6,115.74074070000002,,,,,,,,,,,,,,,,,,,,,,,,,,,,,,,,
6,16,Ashland County,Ashland,20485,25,0,7,4,14,122.0405175,18.0,Ashland County,20278.0,24.0,2.0,14.0,1.0,7.0,20.0,Ashland County,20144.0,20.0,0.0,19.0,0.0,1.0,23.0,Ashland County,20293.0,15.0,1.0,11.0,1.0,2.0,22.0,Ashland County,20306.0,14.0,,10.0,3.0,1.0
7,17,Ashland County,Loudonville,2581,3,1,1,1,0,116.2340178,19.0,Ashland County,2561.0,14.0,0.0,7.0,0.0,7.0,,,,,,,,,,,,,,,,,23.0,Ashland County,2557.0,,,,,
8,19,Ashtabula County,Geneva,1199,7,0,3,1,3,583.8198499,21.0,Ashtabula County,1207.0,7.0,1.0,2.0,0.0,4.0,25.0,Ashtabula,1212.0,4.0,0.0,0.0,0.0,4.0,29.0,Ashtabula County,1220.0,5.0,,,,5.0,28.0,Ashtabula County,1265.0,,,,,
9,20,Ashtabula County,Roaming Shores,1466,0,0,0,0,0,0.0,22.0,Ashtabula County,1471.0,0.0,0.0,0.0,0.0,0.0,26.0,Ashtabula,1476.0,1.0,0.0,0.0,0.0,1.0,31.0,Ashtabula County,1486.0,1.0,,1.0,,,30.0,Ashtabula County,1491.0,,,,,
10,21,Ashtabula County,Ashtabula,49924,42,0,8,4,30,84.12787437,23.0,Ashtabula County,49784.0,54.0,1.0,10.0,14.0,29.0,27.0,Ashtabula,50154.0,59.0,0.0,12.0,19.0,28.0,32.0,Ashtabula County,50631.0,37.0,1.0,5.0,9.0,22.0,31.0,Ashtabula County,51042.0,40.0,1.0,4.0,7.0,28.0
11,22,Athens County,Athens,25526,34,0,4,6,24,133.19752409999998,24.0,Athens County,25203.0,27.0,0.0,6.0,8.0,13.0,28.0,Athens County,23960.0,22.0,0.0,4.0,4.0,14.0,34.0,Athens County,24083.0,27.0,,8.0,2.0,17.0,33.0,Athens County,23721.0,17.0,,3.0,3.0,11.0
12,23,Athens County,Glouster,1793,3,0,1,0,2,167.31734519999998,25.0,Athens County,1798.0,3.0,0.0,2.0,0.0,1.0,29.0,Athens County,1787.0,2.0,0.0,0.0,1.0,1.0,35.0,Athens County,1775.0,2.0,,1.0,1.0,,34.0,Athens County,1765.0,5.0,1.0,,1.0,3.0
13,24,Athens County,Nelsonville,5284,13,0,2,4,7,246.0257381,26.0,Athens County,5159.0,11.0,0.0,1.0,7.0,3.0,30.0,Athens County,5170.0,11.0,1.0,3.0,2.0,5.0,36.0,Athens County,5348.0,8.0,,1.0,3.0,4.0,35.0,Athens County,5334.0,13.0,,2.0,2.0,9.0
14,25,Athens County,Albany,899,0,0,0,0,0,0.0,27.0,Athens County,918.0,0.0,0.0,0.0,0.0,0.0,31.0,Athens County,909.0,0.0,0.0,0.0,0.0,0.0,37.0,Athens County,889.0,1.0,,,,1.0,36.0,Athens County,877.0,,,,,
15,27,Athens County,Coolville,492,0,0,0,0,0,0.0,,,,,,,,,,,,,,,,,,,,,,,,,40.0,Athens County,488.0,,,,,
16,29,Auglaize County,Saint Marys,8215,3,0,0,1,2,36.5185636,30.0,Auglaize County,8256.0,5.0,0.0,0.0,2.0,3.0,35.0,Auglaize County,8243.0,4.0,0.0,0.0,0.0,4.0,,,,,,,,,,,,,,,,
17,30,Auglaize County,Wapakoneta,9809,14,0,6,3,5,142.7260679,31.0,Auglaize County,9815.0,10.0,0.0,3.0,0.0,7.0,36.0,Auglaize County,9807.0,9.0,0.0,3.0,0.0,6.0,42.0,Auglaize County,9822.0,7.0,,1.0,,6.0,43.0,Auglaize County,9812.0,9.0,,2.0,,7.0
18,31,Auglaize County,Minster,2866,0,0,0,0,0,0.0,32.0,Auglaize County,2853.0,0.0,0.0,0.0,0.0,0.0,37.0,Auglaize County,2836.0,1.0,0.0,0.0,1.0,0.0,43.0,Auglaize County,2835.0,1.0,,,,1.0,,,,,,,,
19,32,Auglaize County,New Bremen,2966,0,0,0,0,0,0.0,33.0,Auglaize County,2961.0,0.0,0.0,0.0,0.0,0.0,38.0,Auglaize County,2967.0,1.0,0.0,0.0,0.0,1.0,44.0,Auglaize County,2984.0,1.0,,1.0,,,45.0,Auglaize County,2979.0,3.0,,,,3.0
20,33,Auglaize County,New Knoxville,864,0,0,0,0,0,0.0,34.0,Auglaize County,865.0,0.0,0.0,0.0,0.0,0.0,39.0,Auglaize County,868.0,0.0,0.0,0.0,0.0,0.0,45.0,Auglaize County,873.0,,,,,,,,,,,,,
21,35,Belmont County,Barnesville,4096,0,0,0,0,0,0.0,36.0,Belmont County,4112.0,1.0,0.0,0.0,0.0,1.0,41.0,Belmont County,4127.0,5.0,0.0,2.0,0.0,3.0,48.0,Belmont County,4129.0,,,,,,48.0,Belmont County,4130.0,1.0,,,,1.0
22,38,Belmont County,Martins Ferry,6731,13,0,6,0,7,193.1362353,39.0,Belmont County,6761.0,12.0,0.0,2.0,0.0,10.0,44.0,Belmont County,6791.0,9.0,0.0,1.0,2.0,6.0,51.0,Belmont County,6815.0,17.0,,5.0,1.0,11.0,51.0,Belmont County,6805.0,10.0,,4.0,3.0,3.0
23,39,Belmont County,Powhatan Point,1562,0,0,0,0,0,0.0,40.0,Belmont County,1569.0,1.0,0.0,0.0,0.0,1.0,,,,,,,,,52.0,Belmont County,1577.0,3.0,,,1.0,2.0,52.0,Belmont County,1574.0,1.0,,,,1.0
24,41,Belmont County,Saint Clairsville,5096,1,0,0,0,1,19.62323391,42.0,Belmont County,5090.0,4.0,0.0,0.0,0.0,4.0,,,,,,,,,54.0,Belmont County,5124.0,1.0,,,,1.0,54.0,Belmont County,5108.0,,,,,
25,42,Belmont County,Flushing,858,0,0,0,0,0,0.0,43.0,Belmont County,860.0,0.0,0.0,0.0,0.0,0.0,48.0,Belmont County,863.0,0.0,0.0,0.0,0.0,0.0,55.0,Belmont County,867.0,,,,,,,,,,,,,
26,44,Belmont County,Belmont,29108,34,2,10,2,20,116.8063763,,,,,,,,,,,,,,,,,,,,,,,,,,,,,,,,
27,46,Brown County,Georgetown,4356,10,0,6,3,1,229.5684114,,,,,,,,,53.0,Brown County,4461.0,7.0,1.0,0.0,0.0,6.0,61.0,Brown County,4485.0,5.0,,4.0,1.0,,59.0,Brown County,4458.0,3.0,,2.0,,1.0
28,47,Brown County,Ripley,1707,2,0,1,0,1,117.16461629999999,,,,,,,,,54.0,Brown County,1728.0,0.0,0.0,0.0,0.0,0.0,,,,,,,,,,,,,,,,
29,48,Brown County,Mount Orab,3525,4,1,2,0,1,113.4751773,,,,,,,,,55.0,Brown County,3649.0,4.0,0.0,0.0,1.0,3.0,62.0,Brown County,3668.0,7.0,,1.0,,6.0,60.0,Brown County,3640.0,1.0,,,,1.0
30,52,Butler County,Fairfield,42627,90,1,11,12,66,211.13378840000001,53.0,Butler County,42810.0,110.0,1.0,17.0,21.0,71.0,58.0,Butler County,42824.0,91.0,3.0,15.0,26.0,47.0,67.0,Butler County,42654.0,98.0,1.0,13.0,19.0,65.0,66.0,Butler County,42677.0,120.0,1.0,12.0,37.0,70.0
31,53,Butler County,Hamilton,62094,312,3,75,111,123,502.4640062,54.0,Butler County,62423.0,320.0,9.0,64.0,131.0,116.0,59.0,Butler County,62526.0,355.0,5.0,57.0,163.0,130.0,68.0,Butler County,62240.0,105.0,1.0,25.0,39.0,40.0,67.0,Butler County,62268.0,378.0,6.0,52.0,189.0,131.0
32,54,Butler County,Middletown,46069,235,5,39,82,109,510.1044086,55.0,Butler County,46067.0,242.0,5.0,41.0,67.0,129.0,60.0,Butler County,46102.0,221.0,0.0,31.0,60.0,130.0,69.0,Butler County,45877.0,292.0,2.0,36.0,77.0,177.0,68.0,Butler County,45971.0,285.0,,37.0,71.0,177.0
33,57,Butler County,Oxford,22459,18,0,5,7,6,80.1460439,58.0,Butler County,22197.0,23.0,1.0,3.0,4.0,15.0,63.0,Butler County,21816.0,70.0,1.0,4.0,7.0,58.0,72.0,Butler County,21426.0,57.0,,12.0,5.0,40.0,71.0,Butler County,21338.0,47.0,,3.0,9.0,35.0
34,58,Butler County,Oxford,2181,2,0,0,0,2,91.70105456,58.0,Butler County,22197.0,23.0,1.0,3.0,4.0,15.0,63.0,Butler County,21816.0,70.0,1.0,4.0,7.0,58.0,72.0,Butler County,21426.0,57.0,,12.0,5.0,40.0,71.0,Butler County,21338.0,47.0,,3.0,9.0,35.0
35,59,Butler County,West Chester,61386,64,0,21,15,28,104.25829990000001,60.0,Butler County,61080.0,43.0,0.0,15.0,14.0,14.0,65.0,Butler County,60365.0,76.0,0.0,27.0,17.0,32.0,74.0,Butler County,59629.0,56.0,,15.0,22.0,19.0,73.0,Butler County,59435.0,43.0,1.0,11.0,15.0,16.0
36,65,Stark County,Minerva,1729,1,0,0,0,1,57.83689994,567.0,Stark County,1944.0,3.0,1.0,0.0,0.0,2.0,579.0,Stark County,1946.0,1.0,0.0,0.0,0.0,1.0,657.0,Stark County,1941.0,1.0,,,,1.0,676.0,Stark County,1937.0,,,,,
37,66,Stark County,Magnolia,258,0,0,0,0,0,0.0,574.0,Stark County,714.0,1.0,0.0,0.0,0.0,1.0,587.0,Stark County,714.0,3.0,0.0,1.0,1.0,1.0,665.0,Stark County,713.0,2.0,,,,2.0,,,,,,,,
38,71,Clark County,Springfield,58843,370,9,25,177,159,628.7918699,72.0,Clark County,59503.0,411.0,5.0,34.0,184.0,188.0,77.0,Clark County,59804.0,355.0,12.0,31.0,163.0,149.0,90.0,Clark County,58891.0,442.0,7.0,50.0,223.0,162.0,91.0,Clark County,60012.0,427.0,6.0,46.0,208.0,167.0
39,72,Clark County,Enon,2381,0,0,0,0,0,0.0,73.0,Clark County,2389.0,0.0,0.0,0.0,0.0,0.0,78.0,Clark County,2397.0,1.0,0.0,0.0,0.0,1.0,91.0,Clark County,2414.0,,,,,,92.0,Clark County,2421.0,2.0,,,,2.0
40,73,Clark County,South Charleston,1640,2,0,0,0,2,121.95121950000001,74.0,Clark County,1655.0,2.0,0.0,0.0,0.0,2.0,79.0,Clark County,1662.0,3.0,0.0,0.0,0.0,3.0,92.0,Clark County,1667.0,,,,,,93.0,Clark County,1675.0,,,,,
41,75,Clark County,South Vienna,375,0,0,0,0,0,0.0,75.0,Clark County,378.0,1.0,0.0,0.0,0.0,1.0,81.0,Clark County,379.0,1.0,0.0,0.0,0.0,1.0,94.0,Clark County,382.0,,,,,,95.0,Clark County,381.0,,,,,
42,77,Clermont County,Batavia,1656,0,0,0,0,0,0.0,77.0,Clermont County,1654.0,6.0,0.0,1.0,2.0,3.0,84.0,Clermont County,1652.0,2.0,0.0,1.0,1.0,0.0,99.0,Clermont County,1644.0,2.0,,1.0,,1.0,99.0,Clermont County,1633.0,2.0,,,2.0,
43,78,Clermont County,Bethel,2791,3,0,0,0,3,107.4883554,78.0,Clermont County,2782.0,6.0,0.0,1.0,0.0,5.0,85.0,Clermont County,2778.0,8.0,0.0,0.0,2.0,6.0,100.0,Clermont County,2762.0,6.0,1.0,,,5.0,100.0,Clermont County,2737.0,2.0,,,,2.0
44,79,Clermont County,Milford,6910,14,0,4,1,9,202.60492040000003,79.0,Clermont County,6881.0,9.0,0.0,1.0,5.0,3.0,86.0,Clermont County,6910.0,6.0,0.0,3.0,2.0,1.0,101.0,Clermont County,6647.0,15.0,,4.0,6.0,5.0,101.0,Clermont County,6642.0,6.0,,,1.0,5.0
45,80,Clermont County,Amelia,4982,3,0,0,0,3,60.21678041,80.0,Clermont County,4957.0,0.0,0.0,0.0,0.0,0.0,87.0,Clermont County,4948.0,5.0,0.0,3.0,1.0,1.0,102.0,Clermont County,4919.0,3.0,,1.0,2.0,,102.0,Clermont County,4870.0,1.0,,,1.0,
46,81,Clermont County,Felicity,825,3,0,1,0,2,363.63636360000004,81.0,Clermont County,830.0,2.0,0.0,0.0,0.0,2.0,88.0,Clermont County,831.0,3.0,0.0,0.0,1.0,2.0,103.0,Clermont County,823.0,1.0,,,1.0,,103.0,Clermont County,822.0,,,,,
47,82,Clermont County,New Richmond,2663,6,0,0,0,6,225.30980099999996,82.0,Clermont County,2651.0,12.0,0.0,3.0,2.0,7.0,89.0,Clermont County,2641.0,6.0,0.0,0.0,1.0,5.0,104.0,Clermont County,2618.0,2.0,,,,2.0,104.0,Clermont County,2603.0,,,,,
48,85,Clermont County,Williamsburg,2565,4,0,1,0,3,155.94541909999998,85.0,Clermont County,2560.0,3.0,0.0,0.0,1.0,2.0,92.0,Clermont County,2550.0,6.0,0.0,2.0,0.0,4.0,107.0,Clermont County,2536.0,2.0,,,,2.0,105.0,Clermont County,2514.0,6.0,,,3.0,3.0
49,86,Clermont County,Goshen,15860,7,0,5,1,1,44.13619168,86.0,Clermont County,15787.0,6.0,0.0,3.0,1.0,2.0,,,,,,,,,108.0,Clermont County,15626.0,11.0,,6.0,3.0,2.0,106.0,Clermont County,15620.0,3.0,,2.0,,1.0
50,90,Clermont County,Loveland,2070,2,0,1,0,1,96.61835749,90.0,Clermont County,2036.0,0.0,0.0,0.0,0.0,0.0,97.0,Clermont County,2002.0,0.0,0.0,0.0,0.0,0.0,112.0,Clermont County,1981.0,1.0,,,,1.0,110.0,Clermont County,1959.0,1.0,,1.0,,
51,92,Clinton County,Blanchester,4261,12,0,6,2,4,281.6240319,92.0,Clinton County,4249.0,6.0,1.0,0.0,1.0,4.0,99.0,Clinton County,4244.0,6.0,0.0,2.0,2.0,2.0,,,,,,,,,113.0,Clinton County,4230.0,1.0,,,1.0,
52,93,Clinton County,New Vienna,1201,0,0,0,0,0,0.0,93.0,Clinton County,1199.0,0.0,0.0,0.0,0.0,0.0,100.0,Clinton County,1202.0,1.0,0.0,1.0,0.0,0.0,115.0,Clinton County,1207.0,2.0,,1.0,,1.0,114.0,Clinton County,1210.0,,,,,
53,94,Clinton County,Sabina,2534,3,0,2,0,1,118.38989740000001,94.0,Clinton County,2530.0,2.0,0.0,1.0,0.0,1.0,101.0,Clinton County,2537.0,2.0,0.0,0.0,0.0,2.0,116.0,Clinton County,2548.0,4.0,,1.0,,3.0,115.0,Clinton County,2546.0,2.0,,1.0,1.0,
54,95,Clinton County,Wilmington,12416,23,0,3,8,12,185.2448454,95.0,Clinton County,12443.0,18.0,0.0,9.0,2.0,7.0,102.0,Clinton County,12350.0,25.0,2.0,9.0,6.0,8.0,117.0,Clinton County,12455.0,19.0,,4.0,4.0,11.0,116.0,Clinton County,12439.0,27.0,1.0,6.0,8.0,12.0
55,96,Highland County,Lynchburg,2,0,0,0,0,0,0.0,299.0,Highland County,1482.0,4.0,0.0,3.0,0.0,1.0,313.0,Highland County,1479.0,0.0,0.0,0.0,0.0,0.0,352.0,Highland County,1490.0,3.0,,,,3.0,362.0,Highland County,1470.0,1.0,,,,1.0
56,98,Columbiana County,Columbiana,5583,3,0,1,1,1,53.73455132,98.0,Columbiana County,5604.0,3.0,0.0,2.0,0.0,1.0,105.0,Columbiana County,5645.0,3.0,0.0,0.0,0.0,3.0,121.0,Columbiana County,5639.0,2.0,,,,2.0,120.0,Columbiana County,5654.0,4.0,,,,4.0
57,99,Columbiana County,East Palestine,4503,11,0,2,1,8,244.28159010000002,99.0,Columbiana County,4548.0,6.0,0.0,1.0,2.0,3.0,106.0,Columbiana County,4597.0,6.0,0.0,1.0,1.0,4.0,122.0,Columbiana County,4601.0,6.0,,3.0,,3.0,122.0,Columbiana County,4631.0,6.0,,2.0,2.0,2.0
58,100,Columbiana County,Lisbon,2680,1,0,1,0,0,37.31343284,100.0,Columbiana County,2709.0,0.0,0.0,0.0,0.0,0.0,107.0,Columbiana County,2737.0,7.0,0.0,0.0,3.0,4.0,123.0,Columbiana County,2755.0,6.0,,1.0,,5.0,123.0,Columbiana County,2771.0,5.0,,1.0,,4.0
59,101,Columbiana County,Salem,11883,21,0,4,1,16,176.7230497,101.0,Columbiana County,11939.0,9.0,0.0,1.0,1.0,7.0,108.0,Columbiana County,12029.0,17.0,0.0,3.0,0.0,14.0,124.0,Columbiana County,12081.0,11.0,,1.0,4.0,6.0,124.0,Columbiana County,12111.0,6.0,1.0,,1.0,4.0
60,103,Columbiana County,Wellsville,3347,0,0,0,0,0,0.0,,,,,,,,,110.0,Columbiana County,3423.0,0.0,0.0,0.0,0.0,0.0,126.0,Columbiana County,3439.0,,,,,,126.0,Columbiana County,3468.0,,,,,
61,104,Columbiana County,New Waterford,1183,0,0,0,0,0,0.0,103.0,Columbiana County,1195.0,0.0,0.0,0.0,0.0,0.0,111.0,Columbiana County,1203.0,0.0,0.0,0.0,0.0,0.0,127.0,Columbiana County,1207.0,,,,,,,,,,,,,
62,109,Stark County,Minerva,2,0,0,0,0,0,0.0,567.0,Stark County,1944.0,3.0,1.0,0.0,0.0,2.0,579.0,Stark County,1946.0,1.0,0.0,0.0,0.0,1.0,657.0,Stark County,1941.0,1.0,,,,1.0,676.0,Stark County,1937.0,,,,,
63,111,Coshocton County,West Lafayette,2287,3,0,2,0,1,131.1762134,109.0,Coshocton County,2279.0,3.0,0.0,2.0,0.0,1.0,118.0,Coshocton County,2277.0,3.0,0.0,1.0,0.0,2.0,134.0,Coshocton County,2295.0,7.0,,,,7.0,134.0,Coshocton County,2303.0,,,,,
64,112,Coshocton County,Coshocton,34357,37,0,8,5,24,107.69275549999999,110.0,Coshocton County,34172.0,39.0,0.0,9.0,5.0,25.0,119.0,Coshocton County,34154.0,35.0,0.0,9.0,4.0,22.0,135.0,Coshocton County,34480.0,27.0,,2.0,9.0,16.0,,,,,,,,
65,117,Cuyahoga County,Cleveland,385351,5999,107,497,2697,2698,1556.762536,115.0,Cuyahoga County,386227.0,6299.0,135.0,488.0,2980.0,2696.0,124.0,Cuyahoga County,387921.0,4506.0,78.0,376.0,2458.0,1594.0,142.0,Cuyahoga County,388655.0,5205.0,63.0,495.0,2992.0,1655.0,143.0,Cuyahoga County,389181.0,5782.0,58.0,436.0,3496.0,1792.0
66,119,Cuyahoga County,Bay Village,15327,2,0,1,0,1,13.04886801,117.0,Cuyahoga County,15346.0,2.0,0.0,1.0,0.0,1.0,126.0,Cuyahoga County,15387.0,7.0,0.0,0.0,2.0,5.0,144.0,Cuyahoga County,15435.0,3.0,,,,3.0,145.0,Cuyahoga County,15435.0,,,,,
67,120,Cuyahoga County,Bedford,12641,25,1,1,16,7,197.7691638,118.0,Cuyahoga County,12678.0,30.0,0.0,1.0,18.0,11.0,128.0,Cuyahoga County,12744.0,26.0,0.0,3.0,11.0,12.0,146.0,Cuyahoga County,12831.0,24.0,,4.0,10.0,10.0,147.0,Cuyahoga County,12858.0,31.0,,7.0,11.0,13.0
68,122,Cuyahoga County,Berea,18871,8,0,1,1,6,42.39308993,121.0,Cuyahoga County,18805.0,11.0,0.0,2.0,5.0,4.0,131.0,Cuyahoga County,18945.0,9.0,0.0,0.0,8.0,1.0,149.0,Cuyahoga County,18981.0,19.0,,2.0,10.0,7.0,149.0,Cuyahoga County,18939.0,18.0,,3.0,4.0,11.0
69,123,Cuyahoga County,Brecksville,13432,2,0,1,0,1,14.88981537,122.0,Cuyahoga County,13390.0,4.0,0.0,0.0,2.0,2.0,132.0,Cuyahoga County,13426.0,6.0,0.0,3.0,0.0,3.0,151.0,Cuyahoga County,13505.0,,,,,,151.0,Cuyahoga County,13499.0,1.0,,,1.0,
70,124,Cuyahoga County,Broadview Heights,19228,1,0,0,0,1,5.2007489080000004,123.0,Cuyahoga County,19186.0,0.0,0.0,0.0,0.0,0.0,133.0,Cuyahoga County,19224.0,11.0,0.0,0.0,0.0,11.0,152.0,Cuyahoga County,19318.0,27.0,,,,27.0,152.0,Cuyahoga County,19277.0,11.0,,,,11.0
71,127,Cuyahoga County,Cleveland Heights,44525,131,2,16,79,34,294.21673219999997,126.0,Cuyahoga County,44696.0,145.0,3.0,9.0,80.0,53.0,136.0,Cuyahoga County,44942.0,84.0,2.0,6.0,43.0,33.0,155.0,Cuyahoga County,45207.0,106.0,2.0,10.0,57.0,37.0,156.0,Cuyahoga County,46309.0,144.0,1.0,5.0,94.0,44.0
72,128,Cuyahoga County,East Cleveland,17178,136,5,8,83,40,791.7103272,,,,,,,,,,,,,,,,,,,,,,,,,,,,,,,,
73,129,Cuyahoga County,Euclid,47270,303,4,26,118,155,640.9985191000001,128.0,Cuyahoga County,47416.0,275.0,8.0,17.0,107.0,143.0,138.0,Cuyahoga County,47664.0,221.0,3.0,27.0,73.0,118.0,157.0,Cuyahoga County,47969.0,12.0,,,4.0,8.0,158.0,Cuyahoga County,48095.0,93.0,,13.0,23.0,57.0
74,130,Cuyahoga County,Fairview Park,16307,18,1,1,4,12,110.3820445,129.0,Cuyahoga County,16318.0,32.0,0.0,0.0,6.0,26.0,,,,,,,,,,,,,,,,,,,,,,,,
75,131,Cuyahoga County,Garfield Heights,27846,0,0,0,0,0,0.0,130.0,Cuyahoga County,27938.0,37.0,0.0,7.0,17.0,13.0,139.0,Cuyahoga County,28088.0,138.0,0.0,18.0,68.0,52.0,158.0,Cuyahoga County,28273.0,108.0,4.0,11.0,42.0,51.0,159.0,Cuyahoga County,28339.0,39.0,,4.0,22.0,13.0
76,132,Cuyahoga County,Gates Mills,2232,2,0,0,1,1,89.60573477,,,,,,,,,140.0,Cuyahoga County,2240.0,0.0,0.0,0.0,0.0,0.0,159.0,Cuyahoga County,2248.0,,,,,,160.0,Cuyahoga County,2256.0,,,,,
77,136,Cuyahoga County,Lakewood,50151,74,2,6,40,26,147.5543858,134.0,Cuyahoga County,50349.0,63.0,3.0,8.0,32.0,20.0,144.0,Cuyahoga County,50653.0,19.0,1.0,5.0,8.0,5.0,162.0,Cuyahoga County,50923.0,66.0,2.0,6.0,32.0,26.0,164.0,Cuyahoga County,51167.0,48.0,1.0,10.0,24.0,13.0
78,137,Cuyahoga County,Lyndhurst,13586,18,0,0,7,11,132.48932720000002,135.0,Cuyahoga County,13624.0,14.0,0.0,5.0,6.0,3.0,145.0,Cuyahoga County,13672.0,9.0,0.0,0.0,3.0,6.0,163.0,Cuyahoga County,13744.0,6.0,,1.0,2.0,3.0,165.0,Cuyahoga County,13769.0,5.0,,2.0,,3.0
79,140,Cuyahoga County,North Olmsted,31779,26,0,6,11,9,81.81503509,138.0,Cuyahoga County,31851.0,26.0,1.0,6.0,13.0,6.0,148.0,Cuyahoga County,31999.0,4.0,0.0,0.0,4.0,0.0,,,,,,,,,,,,,,,,
80,141,Cuyahoga County,North Royalton,30313,7,3,0,0,4,23.0924026,,,,,,,,,,,,,,,,,,,,,,,,,,,,,,,,
81,143,Cuyahoga County,Olmsted Falls,8898,3,0,1,1,1,33.71544167,140.0,Cuyahoga County,8859.0,3.0,0.0,0.0,0.0,3.0,150.0,Cuyahoga County,8851.0,3.0,0.0,0.0,0.0,3.0,168.0,Cuyahoga County,8901.0,3.0,,,,3.0,170.0,Cuyahoga County,8910.0,1.0,,,,1.0
82,144,Cuyahoga County,Parma,79340,141,0,39,37,65,177.71615830000002,141.0,Cuyahoga County,79576.0,108.0,0.0,26.0,43.0,39.0,151.0,Cuyahoga County,79655.0,79.0,0.0,20.0,39.0,20.0,170.0,Cuyahoga County,80168.0,68.0,,21.0,30.0,17.0,172.0,Cuyahoga County,80303.0,87.0,1.0,23.0,31.0,32.0
83,145,Cuyahoga County,Parma Heights,20094,1,0,0,0,1,4.976609933,,,,,,,,,152.0,Cuyahoga County,20241.0,4.0,0.0,2.0,1.0,1.0,171.0,Cuyahoga County,20374.0,15.0,,2.0,8.0,5.0,173.0,Cuyahoga County,20395.0,17.0,,5.0,4.0,8.0
84,147,Cuyahoga County,Richmond Heights,10432,19,0,0,12,7,182.1319018,143.0,Cuyahoga County,10445.0,27.0,0.0,2.0,15.0,10.0,154.0,Cuyahoga County,10481.0,14.0,1.0,0.0,7.0,6.0,173.0,Cuyahoga County,10492.0,14.0,,1.0,9.0,4.0,175.0,Cuyahoga County,10470.0,13.0,,,10.0,3.0
85,148,Cuyahoga County,Rocky River,20342,7,0,1,2,4,34.41156228,144.0,Cuyahoga County,20400.0,7.0,0.0,1.0,0.0,6.0,,,,,,,,,,,,,,,,,,,,,,,,
86,149,Cuyahoga County,Seven Hills,11668,3,0,0,1,2,25.71134727,145.0,Cuyahoga County,11661.0,4.0,0.0,1.0,1.0,2.0,155.0,Cuyahoga County,11678.0,4.0,0.0,0.0,1.0,3.0,174.0,Cuyahoga County,11713.0,6.0,,2.0,1.0,3.0,176.0,Cuyahoga County,11699.0,5.0,,,3.0,2.0
87,150,Cuyahoga County,Solon,23023,13,0,2,4,7,56.46527386,146.0,Cuyahoga County,22971.0,11.0,1.0,5.0,1.0,4.0,157.0,Cuyahoga County,23014.0,13.0,1.0,2.0,2.0,8.0,176.0,Cuyahoga County,23113.0,8.0,,,1.0,7.0,178.0,Cuyahoga County,23105.0,7.0,,2.0,2.0,3.0
88,151,Cuyahoga County,South Euclid,21628,33,0,5,14,14,152.5799889,147.0,Cuyahoga County,21686.0,35.0,0.0,4.0,23.0,8.0,158.0,Cuyahoga County,21772.0,37.0,1.0,5.0,20.0,11.0,177.0,Cuyahoga County,21895.0,22.0,,1.0,11.0,10.0,179.0,Cuyahoga County,21929.0,31.0,,,22.0,9.0
89,152,Cuyahoga County,Strongsville,44758,18,2,1,9,6,40.21627419,148.0,Cuyahoga County,44626.0,19.0,0.0,0.0,14.0,5.0,159.0,Cuyahoga County,44638.0,35.0,0.0,1.0,15.0,19.0,178.0,Cuyahoga County,44731.0,41.0,,,8.0,33.0,180.0,Cuyahoga County,44583.0,27.0,,3.0,4.0,20.0
90,157,Cuyahoga County,Westlake,32330,13,0,1,9,3,40.21033096,152.0,Cuyahoga County,32353.0,14.0,0.0,0.0,5.0,9.0,163.0,Cuyahoga County,32358.0,16.0,0.0,1.0,8.0,7.0,182.0,Cuyahoga County,32416.0,12.0,,,2.0,10.0,183.0,Cuyahoga County,32418.0,3.0,,,,3.0
91,166,Defiance County,Defiance,16594,26,0,14,3,9,156.6831385,161.0,Defiance County,16697.0,25.0,0.0,16.0,1.0,8.0,171.0,Defiance County,16698.0,28.0,0.0,16.0,4.0,8.0,194.0,Defiance County,16772.0,31.0,2.0,11.0,8.0,10.0,194.0,Defiance County,16790.0,31.0,1.0,11.0,3.0,16.0
92,167,Defiance County,Defiance,18083,13,0,9,0,4,71.8907261,161.0,Defiance County,16697.0,25.0,0.0,16.0,1.0,8.0,171.0,Defiance County,16698.0,28.0,0.0,16.0,4.0,8.0,194.0,Defiance County,16772.0,31.0,2.0,11.0,8.0,10.0,194.0,Defiance County,16790.0,31.0,1.0,11.0,3.0,16.0
93,168,Franklin County,Columbus,8276,45,1,9,20,15,543.7409377,191.0,Franklin County,862515.0,4500.0,91.0,867.0,2144.0,1398.0,202.0,Franklin County,847745.0,4758.0,83.0,892.0,2264.0,1519.0,228.0,Franklin County,830811.0,4640.0,85.0,787.0,2112.0,1656.0,230.0,Franklin County,816364.0,4446.0,78.0,692.0,2463.0,1213.0
94,170,Delaware County,Powell,13029,6,0,2,2,2,46.05111674,166.0,Delaware County,13273.0,0.0,0.0,0.0,0.0,0.0,176.0,Delaware County,12759.0,6.0,0.0,0.0,2.0,4.0,200.0,Delaware County,12410.0,2.0,,,,2.0,201.0,Delaware County,12093.0,2.0,,,,2.0
95,173,Franklin County,Dublin,4534,3,0,1,1,1,66.16674019,196.0,Franklin County,38892.0,20.0,0.0,8.0,5.0,7.0,206.0,Franklin County,38074.0,21.0,0.0,7.0,8.0,6.0,232.0,Franklin County,37361.0,7.0,,,6.0,1.0,234.0,Franklin County,36712.0,9.0,,1.0,7.0,1.0
96,174,Franklin County,Westerville,8531,9,0,3,3,3,105.497597,203.0,Franklin County,30397.0,16.0,0.0,5.0,7.0,4.0,212.0,Franklin County,27775.0,14.0,0.0,8.0,6.0,0.0,238.0,Franklin County,29630.0,22.0,,7.0,12.0,3.0,241.0,Franklin County,29306.0,11.0,,4.0,5.0,2.0
97,176,Erie County,Huron,6950,4,0,1,1,2,57.55395683,,,,,,,,,,,,,,,,,,,,,,,,,208.0,Erie County,7080.0,3.0,,1.0,1.0,1.0
98,177,Erie County,Sandusky,24861,70,1,13,31,25,281.56550419999996,172.0,Erie County,25078.0,45.0,1.0,6.0,19.0,19.0,183.0,Erie County,25213.0,55.0,0.0,8.0,27.0,20.0,206.0,Erie County,25236.0,73.0,1.0,6.0,30.0,36.0,209.0,Erie County,25401.0,78.0,,5.0,28.0,45.0
99,178,Lorain County,Vermilion,4603,1,0,0,0,1,21.72496198,364.0,Lorain County,5783.0,2.0,0.0,0.0,0.0,2.0,377.0,Lorain County,5808.0,3.0,0.0,1.0,0.0,2.0,425.0,Lorain County,5804.0,6.0,,2.0,,4.0,,,,,,,,
100,180,Erie County,Berlin Heights,713,0,0,0,0,0,0.0,,,,,,,,,,,,,,,,,209.0,Erie County,698.0,,,,,,212.0,Erie County,702.0,,,,,
101,181,Erie County,Milan,983,1,0,1,0,0,101.7293998,175.0,Erie County,984.0,1.0,0.0,1.0,0.0,0.0,187.0,Erie County,984.0,1.0,0.0,1.0,0.0,0.0,210.0,Erie County,986.0,,,,,,213.0,Erie County,990.0,1.0,,1.0,,
102,185,Franklin County,Columbus,10505,54,2,11,24,17,514.0409329,191.0,Franklin County,862515.0,4500.0,91.0,867.0,2144.0,1398.0,202.0,Franklin County,847745.0,4758.0,83.0,892.0,2264.0,1519.0,228.0,Franklin County,830811.0,4640.0,85.0,787.0,2112.0,1656.0,230.0,Franklin County,816364.0,4446.0,78.0,692.0,2463.0,1213.0
103,186,Fairfield County,Lancaster,40026,127,0,24,33,70,317.2937591,181.0,Fairfield County,39959.0,141.0,0.0,30.0,46.0,65.0,193.0,Fairfield County,39793.0,99.0,1.0,23.0,31.0,44.0,217.0,Fairfield County,39453.0,109.0,1.0,38.0,16.0,54.0,219.0,Fairfield County,38902.0,133.0,,34.0,41.0,58.0
104,187,Fairfield County,Baltimore,2973,0,0,0,0,0,0.0,182.0,Fairfield County,2970.0,1.0,0.0,0.0,0.0,1.0,194.0,Fairfield County,2961.0,2.0,0.0,0.0,1.0,1.0,218.0,Fairfield County,2952.0,,,,,,220.0,Fairfield County,2968.0,,,,,
105,188,Fairfield County,Carroll,520,0,0,0,0,0,0.0,183.0,Fairfield County,519.0,0.0,0.0,0.0,0.0,0.0,195.0,Fairfield County,520.0,0.0,0.0,0.0,0.0,0.0,219.0,Fairfield County,521.0,,,,,,221.0,Fairfield County,524.0,,,,,
106,189,Fairfield County,Lithopolis,1448,0,0,0,0,0,0.0,184.0,Fairfield County,1350.0,0.0,0.0,0.0,0.0,0.0,196.0,Fairfield County,1287.0,0.0,0.0,0.0,0.0,0.0,220.0,Fairfield County,1206.0,,,,,,222.0,Fairfield County,1170.0,,,,,
107,190,Fairfield County,Millersport,1050,0,0,0,0,0,0.0,,,,,,,,,197.0,Fairfield County,1049.0,0.0,0.0,0.0,0.0,0.0,221.0,Fairfield County,1046.0,1.0,,,,1.0,223.0,Fairfield County,1048.0,,,,,
108,191,Fairfield County,Pickerington,20297,38,0,6,12,20,187.2197862,186.0,Fairfield County,19964.0,16.0,0.0,0.0,10.0,6.0,,,,,,,,,,,,,,,,,,,,,,,,
109,192,Fairfield County,Sugar Grove,433,0,0,0,0,0,0.0,,,,,,,,,,,,,,,,,,,,,,,,,,,,,,,,
110,193,Franklin County,Reynoldsburg,936,3,0,1,1,1,320.51282050000003,201.0,Franklin County,27474.0,61.0,5.0,6.0,26.0,24.0,210.0,Franklin County,27084.0,6.0,0.0,2.0,2.0,2.0,236.0,Franklin County,26889.0,42.0,,14.0,14.0,14.0,239.0,Franklin County,26729.0,52.0,1.0,5.0,35.0,11.0
111,194,Butler County,Fairfield,75853,38,0,15,6,17,50.09689795,53.0,Butler County,42810.0,110.0,1.0,17.0,21.0,71.0,58.0,Butler County,42824.0,91.0,3.0,15.0,26.0,47.0,67.0,Butler County,42654.0,98.0,1.0,13.0,19.0,65.0,66.0,Butler County,42677.0,120.0,1.0,12.0,37.0,70.0
112,195,Fayette County,Washington Court House,14136,41,0,16,14,11,290.03961519999996,189.0,Fayette County,13986.0,37.0,0.0,9.0,9.0,19.0,200.0,Fayette County,14060.0,42.0,0.0,14.0,10.0,18.0,225.0,Fayette County,14072.0,31.0,,10.0,7.0,14.0,227.0,Fayette County,14083.0,24.0,,5.0,10.0,9.0
113,196,Fulton County,Fayette,14453,37,1,5,3,28,256.0022141,219.0,Fulton County,1266.0,6.0,0.0,5.0,0.0,1.0,234.0,Fulton County,1270.0,0.0,0.0,0.0,0.0,0.0,260.0,Fulton County,1270.0,,,,,,266.0,Fulton County,1268.0,,,,,
114,197,Franklin County,Columbus,853424,4379,139,899,1919,1422,513.1095446,191.0,Franklin County,862515.0,4500.0,91.0,867.0,2144.0,1398.0,202.0,Franklin County,847745.0,4758.0,83.0,892.0,2264.0,1519.0,228.0,Franklin County,830811.0,4640.0,85.0,787.0,2112.0,1656.0,230.0,Franklin County,816364.0,4446.0,78.0,692.0,2463.0,1213.0
115,198,Fairfield County,Lithopolis,42,0,0,0,0,0,0.0,184.0,Fairfield County,1350.0,0.0,0.0,0.0,0.0,0.0,196.0,Fairfield County,1287.0,0.0,0.0,0.0,0.0,0.0,220.0,Fairfield County,1206.0,,,,,,222.0,Fairfield County,1170.0,,,,,
116,199,Fairfield County,Pickerington,76,0,0,0,0,0,0.0,186.0,Fairfield County,19964.0,16.0,0.0,0.0,10.0,6.0,,,,,,,,,,,,,,,,,,,,,,,,
117,201,Franklin County,Bexley,13773,20,1,4,10,5,145.211646,195.0,Franklin County,13775.0,26.0,0.0,12.0,13.0,1.0,205.0,Franklin County,13634.0,16.0,0.0,0.0,15.0,1.0,231.0,Franklin County,13543.0,15.0,1.0,4.0,8.0,2.0,233.0,Franklin County,13316.0,21.0,,,14.0,7.0
118,202,Franklin County,Dublin,39242,27,1,10,8,8,68.80383263,196.0,Franklin County,38892.0,20.0,0.0,8.0,5.0,7.0,206.0,Franklin County,38074.0,21.0,0.0,7.0,8.0,6.0,232.0,Franklin County,37361.0,7.0,,,6.0,1.0,234.0,Franklin County,36712.0,9.0,,1.0,7.0,1.0
119,203,Franklin County,Gahanna,35243,25,1,13,5,6,70.93607241,197.0,Franklin County,34859.0,20.0,0.0,10.0,6.0,4.0,207.0,Franklin County,34508.0,23.0,0.0,10.0,8.0,5.0,233.0,Franklin County,34249.0,24.0,,6.0,16.0,2.0,235.0,Franklin County,34011.0,23.0,1.0,7.0,8.0,7.0
120,204,Franklin County,Grandview Heights,7831,0,0,0,0,0,0.0,198.0,Franklin County,7502.0,1.0,0.0,0.0,1.0,0.0,208.0,Franklin County,7438.0,9.0,0.0,3.0,5.0,1.0,234.0,Franklin County,7058.0,5.0,,2.0,3.0,,236.0,Franklin County,7052.0,8.0,1.0,,5.0,2.0
121,205,Franklin County,Grove City,40421,47,4,14,24,5,116.27619309999999,199.0,Franklin County,40161.0,43.0,2.0,7.0,26.0,8.0,209.0,Franklin County,39251.0,47.0,0.0,14.0,27.0,6.0,235.0,Franklin County,37945.0,38.0,,16.0,18.0,4.0,237.0,Franklin County,37208.0,40.0,1.0,5.0,29.0,5.0
122,206,Franklin County,Hilliard,36144,17,0,6,2,9,47.03408588,200.0,Franklin County,34832.0,33.0,0.0,11.0,9.0,13.0,,,,,,,,,,,,,,,,,238.0,Franklin County,31352.0,26.0,1.0,8.0,8.0,9.0
123,207,Franklin County,Reynoldsburg,27631,71,1,16,35,19,256.9577648,201.0,Franklin County,27474.0,61.0,5.0,6.0,26.0,24.0,210.0,Franklin County,27084.0,6.0,0.0,2.0,2.0,2.0,236.0,Franklin County,26889.0,42.0,,14.0,14.0,14.0,239.0,Franklin County,26729.0,52.0,1.0,5.0,35.0,11.0
124,208,Franklin County,Upper Arlington,35214,12,0,3,6,3,34.077355600000004,202.0,Franklin County,35150.0,16.0,1.0,4.0,8.0,3.0,211.0,Franklin County,34838.0,10.0,0.0,2.0,7.0,1.0,237.0,Franklin County,34600.0,4.0,,,4.0,,240.0,Franklin County,34369.0,10.0,,1.0,7.0,2.0
125,209,Franklin County,Westerville,30887,35,0,9,13,13,113.3162819,203.0,Franklin County,30397.0,16.0,0.0,5.0,7.0,4.0,212.0,Franklin County,27775.0,14.0,0.0,8.0,6.0,0.0,238.0,Franklin County,29630.0,22.0,,7.0,12.0,3.0,241.0,Franklin County,29306.0,11.0,,4.0,5.0,2.0
126,210,Franklin County,Whitehall,18835,125,0,11,69,45,663.6580834,204.0,Franklin County,18804.0,153.0,2.0,25.0,74.0,52.0,,,,,,,,,,,,,,,,,242.0,Franklin County,18480.0,127.0,2.0,9.0,73.0,43.0
127,211,Franklin County,Worthington,14692,11,2,2,3,4,74.87067792,205.0,Franklin County,14689.0,5.0,0.0,0.0,4.0,1.0,214.0,Franklin County,14594.0,1.0,0.0,0.0,1.0,0.0,,,,,,,,,,,,,,,,
128,213,Franklin County,Groveport,5583,12,0,3,6,3,214.93820530000002,207.0,Franklin County,5813.0,5.0,0.0,2.0,1.0,2.0,217.0,Franklin County,5751.0,4.0,0.0,0.0,2.0,2.0,243.0,Franklin County,5700.0,6.0,,,,6.0,246.0,Franklin County,5598.0,5.0,,2.0,1.0,2.0
129,216,Franklin County,New Albany,10670,4,0,2,0,2,37.48828491,210.0,Franklin County,10210.0,5.0,0.0,2.0,1.0,2.0,220.0,Franklin County,9531.0,5.0,0.0,1.0,1.0,3.0,245.0,Franklin County,9052.0,3.0,,,,3.0,249.0,Franklin County,8743.0,2.0,,,,2.0
130,219,Lake County,Madison,18661,19,0,2,5,12,101.8166229,,,,,,,,,,,,,,,,,,,,,,,,,402.0,Lake County,3179.0,,,,,
131,224,Fulton County,Archbold,4338,2,0,1,0,1,46.10419548,218.0,Fulton County,4342.0,4.0,0.0,0.0,0.0,4.0,233.0,Fulton County,4345.0,3.0,0.0,1.0,0.0,2.0,,,,,,,,,,,,,,,,
132,225,Fulton County,Fayette,1265,2,0,2,0,0,158.1027668,219.0,Fulton County,1266.0,6.0,0.0,5.0,0.0,1.0,234.0,Fulton County,1270.0,0.0,0.0,0.0,0.0,0.0,260.0,Fulton County,1270.0,,,,,,266.0,Fulton County,1268.0,,,,,
133,226,Fulton County,Swanton,3768,5,0,4,0,1,132.69639070000002,220.0,Fulton County,3754.0,3.0,0.0,2.0,0.0,1.0,235.0,Fulton County,3763.0,4.0,0.0,0.0,0.0,4.0,261.0,Fulton County,3597.0,,,,,,267.0,Fulton County,3582.0,3.0,,1.0,1.0,1.0
134,227,Fulton County,Wauseon,7407,10,0,1,1,8,135.0074254,221.0,Fulton County,7311.0,7.0,0.0,3.0,1.0,3.0,236.0,Fulton County,7316.0,10.0,1.0,3.0,2.0,4.0,262.0,Fulton County,7292.0,13.0,,5.0,2.0,6.0,268.0,Fulton County,7301.0,8.0,,1.0,,7.0
135,233,Geauga County,Chardon,5199,10,0,1,0,9,192.34468169999997,227.0,Geauga County,5162.0,7.0,0.0,0.0,0.0,7.0,242.0,Geauga County,5195.0,4.0,0.0,0.0,0.0,4.0,270.0,Geauga County,5193.0,4.0,,1.0,1.0,2.0,277.0,Geauga County,5172.0,6.0,,,,6.0
136,234,Geauga County,Burton,1460,0,0,0,0,0,0.0,228.0,Geauga County,1463.0,0.0,0.0,0.0,0.0,0.0,243.0,Geauga County,1466.0,2.0,0.0,0.0,1.0,1.0,271.0,Geauga County,1462.0,,,,,,278.0,Geauga County,1459.0,,,,,
137,235,Geauga County,Middlefield,2715,1,0,0,0,1,36.83241252,229.0,Geauga County,2694.0,0.0,0.0,0.0,0.0,0.0,244.0,Geauga County,2711.0,3.0,0.0,0.0,1.0,2.0,272.0,Geauga County,2715.0,,,,,,279.0,Geauga County,2707.0,4.0,,,,4.0
138,238,Geauga County,Chesterland,10355,0,0,0,0,0,0.0,232.0,Geauga County,10371.0,0.0,0.0,0.0,0.0,0.0,247.0,Geauga County,10393.0,1.0,0.0,0.0,1.0,0.0,275.0,Geauga County,10343.0,2.0,,,1.0,1.0,,,,,,,,
139,243,Greene County,Xenia,26331,55,1,16,8,30,208.8792678,235.0,Greene County,26037.0,53.0,1.0,13.0,11.0,28.0,252.0,Greene County,25970.0,58.0,0.0,21.0,20.0,17.0,281.0,Greene County,25932.0,56.0,,25.0,10.0,21.0,,,,,,,,
140,244,Greene County,Yellow Springs,3713,11,0,4,4,3,296.25639639999997,236.0,Greene County,3857.0,2.0,0.0,0.0,1.0,1.0,253.0,Greene County,3539.0,4.0,0.0,1.0,0.0,3.0,282.0,Greene County,3519.0,5.0,,,,5.0,,,,,,,,
141,245,Greene County,Bellbrook,7159,5,0,1,0,4,69.84215673,237.0,Greene County,7074.0,3.0,0.0,2.0,0.0,1.0,254.0,Greene County,7052.0,1.0,0.0,0.0,1.0,0.0,283.0,Greene County,7044.0,3.0,,2.0,1.0,,,,,,,,,
142,246,Greene County,Jamestown,2036,3,0,1,2,0,147.3477407,238.0,Greene County,2034.0,1.0,0.0,0.0,0.0,1.0,255.0,Greene County,2019.0,5.0,0.0,2.0,0.0,3.0,284.0,Greene County,2009.0,4.0,,,,4.0,,,,,,,,
143,247,Greene County,Beavercreek,46572,38,0,13,9,16,81.59409087,239.0,Greene County,46490.0,32.0,0.0,14.0,13.0,5.0,256.0,Greene County,46112.0,41.0,0.0,11.0,22.0,8.0,285.0,Greene County,45835.0,25.0,,7.0,11.0,7.0,,,,,,,,
144,251,Dayton,Centerville,2,0,0,0,0,0,0.0,450.0,Montgomery County,23851.0,13.0,0.0,0.0,3.0,10.0,463.0,Montgomery County,23886.0,14.0,0.0,2.0,6.0,6.0,520.0,Montgomery County,23947.0,23.0,,3.0,5.0,15.0,,,,,,,,
145,252,Dayton,Kettering,471,0,0,0,0,0,0.0,452.0,Montgomery County,54915.0,73.0,0.0,26.0,26.0,21.0,465.0,Montgomery County,55106.0,71.0,1.0,24.0,35.0,11.0,522.0,Montgomery County,55311.0,53.0,,16.0,18.0,19.0,,,,,,,,
146,254,Guernsey County,Cambridge,10391,8,1,1,3,3,76.98970263,246.0,Guernsey County,10341.0,14.0,1.0,0.0,3.0,10.0,263.0,Guernsey County,10436.0,27.0,0.0,3.0,8.0,16.0,293.0,Guernsey County,10476.0,50.0,1.0,12.0,14.0,23.0,299.0,Guernsey County,10534.0,37.0,,7.0,13.0,17.0
147,255,Guernsey County,Byesville,2372,0,0,0,0,0,0.0,247.0,Guernsey County,2363.0,0.0,0.0,0.0,0.0,0.0,264.0,Guernsey County,2391.0,0.0,0.0,0.0,0.0,0.0,294.0,Guernsey County,2404.0,2.0,,,,2.0,300.0,Guernsey County,2415.0,1.0,,,,1.0
148,256,Guernsey County,Senecaville,448,0,0,0,0,0,0.0,248.0,Guernsey County,443.0,0.0,0.0,0.0,0.0,0.0,,,,,,,,,,,,,,,,,,,,,,,,
149,257,Hamilton County,Cincinnati,299116,2833,70,292,1196,1275,947.1241926000001,249.0,Hamilton County,298880.0,2720.0,57.0,249.0,1278.0,1136.0,265.0,Hamilton County,298478.0,2788.0,67.0,255.0,1266.0,1200.0,297.0,Hamilton County,297671.0,2719.0,60.0,248.0,1358.0,1053.0,,,,,,,,
150,258,Clermont County,Milford,29,0,0,0,0,0,0.0,79.0,Clermont County,6881.0,9.0,0.0,1.0,5.0,3.0,86.0,Clermont County,6910.0,6.0,0.0,3.0,2.0,1.0,101.0,Clermont County,6647.0,15.0,,4.0,6.0,5.0,101.0,Clermont County,6642.0,6.0,,,1.0,5.0
151,261,Hamilton County,Blue Ash,12248,16,2,2,4,8,130.6335728,252.0,Hamilton County,12169.0,11.0,0.0,4.0,4.0,3.0,268.0,Hamilton County,12159.0,23.0,0.0,8.0,12.0,3.0,300.0,Hamilton County,12146.0,8.0,,4.0,4.0,,,,,,,,,
152,263,Hamilton County,Cleves,3418,0,0,0,0,0,0.0,,,,,,,,,,,,,,,,,,,,,,,,,,,,,,,,
153,264,Hamilton County,Deer Park,5665,6,0,1,0,5,105.913504,254.0,Hamilton County,5672.0,9.0,0.0,1.0,4.0,4.0,270.0,Hamilton County,5696.0,11.0,1.0,0.0,2.0,8.0,302.0,Hamilton County,5693.0,5.0,,2.0,1.0,2.0,,,,,,,,
154,269,Hamilton County,Forest Park,18665,50,1,7,20,22,267.8810608,259.0,Hamilton County,18669.0,47.0,0.0,9.0,21.0,17.0,275.0,Hamilton County,18726.0,57.0,0.0,15.0,21.0,21.0,307.0,Hamilton County,18724.0,57.0,1.0,11.0,32.0,13.0,,,,,,,,
155,271,Hamilton County,Greenhills,3584,1,0,0,0,1,27.90178571,261.0,Hamilton County,3589.0,1.0,0.0,1.0,0.0,0.0,277.0,Hamilton County,3592.0,2.0,0.0,0.0,0.0,2.0,309.0,Hamilton County,3596.0,3.0,,,2.0,1.0,,,,,,,,
156,272,Hamilton County,Harrison,11246,6,1,0,5,0,53.35230304,262.0,Hamilton County,10819.0,0.0,0.0,0.0,0.0,0.0,278.0,Hamilton County,10618.0,2.0,0.0,0.0,1.0,1.0,310.0,Hamilton County,10382.0,7.0,,1.0,6.0,,,,,,,,,
157,275,Clermont County,Loveland,9953,10,0,5,1,4,100.4722194,90.0,Clermont County,2036.0,0.0,0.0,0.0,0.0,0.0,97.0,Clermont County,2002.0,0.0,0.0,0.0,0.0,0.0,112.0,Clermont County,1981.0,1.0,,,,1.0,110.0,Clermont County,1959.0,1.0,,1.0,,
158,277,Hamilton County,Montgomery,10638,4,0,2,1,1,37.60105283,267.0,Hamilton County,10558.0,4.0,0.0,0.0,0.0,4.0,283.0,Hamilton County,10488.0,10.0,0.0,3.0,5.0,2.0,317.0,Hamilton County,10395.0,3.0,,1.0,,2.0,,,,,,,,
159,281,Hamilton County,Norwood,19994,68,0,15,28,25,340.10203060000003,271.0,Hamilton County,20065.0,52.0,0.0,12.0,28.0,12.0,287.0,Hamilton County,19460.0,88.0,0.0,9.0,56.0,23.0,321.0,Hamilton County,19027.0,74.0,,8.0,44.0,22.0,,,,,,,,
160,282,Hamilton County,Reading,10307,28,1,4,7,16,271.6600369,,,,,,,,,,,,,,,,,,,,,,,,,,,,,,,,
161,283,Hamilton County,Springdale,11203,0,0,0,0,0,0.0,272.0,Hamilton County,11175.0,7.0,0.0,0.0,3.0,4.0,288.0,Hamilton County,11211.0,34.0,1.0,4.0,19.0,10.0,322.0,Hamilton County,11216.0,55.0,,10.0,40.0,5.0,,,,,,,,
162,293,Allen County,Bluffton,170,0,0,0,0,0,0.0,10.0,Allen County,3953.0,1.0,0.0,0.0,1.0,0.0,11.0,Allen County,3996.0,3.0,0.0,0.0,0.0,3.0,12.0,Allen County,4060.0,4.0,,1.0,1.0,2.0,12.0,Allen County,3824.0,1.0,,,,1.0
163,294,Hancock County,Findlay,41474,128,3,25,24,76,308.6270917,283.0,Hancock County,41156.0,53.0,3.0,15.0,9.0,26.0,298.0,Hancock County,41095.0,113.0,0.0,39.0,23.0,51.0,332.0,Hancock County,41613.0,80.0,,22.0,17.0,41.0,342.0,Hancock County,41660.0,76.0,1.0,13.0,18.0,44.0
164,295,Hancock County,McComb,1655,0,0,0,0,0,0.0,,,,,,,,,,,,,,,,,333.0,Hancock County,1657.0,,,,,,,,,,,,,
165,304,Highland County,Greenfield,4582,13,3,3,2,5,283.7189,296.0,Highland County,4559.0,6.0,0.0,1.0,1.0,4.0,310.0,Highland County,4559.0,10.0,1.0,2.0,1.0,6.0,349.0,Highland County,4608.0,7.0,,2.0,2.0,3.0,359.0,Highland County,4538.0,4.0,,2.0,,2.0
166,305,Highland County,Hillsboro,6576,9,0,7,1,1,136.8613139,297.0,Highland County,6547.0,8.0,1.0,2.0,1.0,4.0,311.0,Highland County,6536.0,7.0,0.0,3.0,0.0,4.0,350.0,Highland County,6598.0,7.0,,4.0,3.0,,360.0,Highland County,6495.0,9.0,,4.0,2.0,3.0
167,306,Highland County,Leesburg,1295,1,0,0,0,1,77.22007722,298.0,Highland County,1289.0,0.0,0.0,0.0,0.0,0.0,312.0,Highland County,1292.0,2.0,0.0,0.0,0.0,2.0,351.0,Highland County,1305.0,,,,,,361.0,Highland County,1290.0,,,,,
168,307,Highland County,Lynchburg,1480,0,0,0,0,0,0.0,299.0,Highland County,1482.0,4.0,0.0,3.0,0.0,1.0,313.0,Highland County,1479.0,0.0,0.0,0.0,0.0,0.0,352.0,Highland County,1490.0,3.0,,,,3.0,362.0,Highland County,1470.0,1.0,,,,1.0
169,310,Hocking County,Logan,7077,18,0,5,3,10,254.3450615,302.0,Hocking County,7106.0,15.0,0.0,6.0,1.0,8.0,317.0,Hocking County,7150.0,12.0,0.0,3.0,2.0,7.0,356.0,Hocking County,7139.0,21.0,,8.0,1.0,12.0,366.0,Hocking County,7153.0,7.0,1.0,1.0,5.0,
170,311,Hocking County,Laurelville,507,1,0,0,1,0,197.23865880000002,,,,,,,,,,,,,,,,,357.0,Hocking County,520.0,,,,,,,,,,,,,
171,313,Ashland County,Loudonville,61,0,0,0,0,0,0.0,19.0,Ashland County,2561.0,14.0,0.0,7.0,0.0,7.0,,,,,,,,,,,,,,,,,23.0,Ashland County,2557.0,,,,,
172,316,Erie County,Milan,356,0,0,0,0,0,0.0,175.0,Erie County,984.0,1.0,0.0,1.0,0.0,0.0,187.0,Erie County,984.0,1.0,0.0,1.0,0.0,0.0,210.0,Erie County,986.0,,,,,,213.0,Erie County,990.0,1.0,,1.0,,
173,325,Jefferson County,Steubenville,17979,49,3,4,11,31,272.5401858,317.0,Jefferson County,18137.0,60.0,2.0,4.0,22.0,32.0,,,,,,,,,,,,,,,,,,,,,,,,
174,335,Knox County,Mount Vernon,16553,22,1,6,0,15,132.90642179999998,328.0,Knox County,16685.0,17.0,0.0,6.0,2.0,9.0,339.0,Knox County,16727.0,37.0,0.0,11.0,4.0,22.0,386.0,Knox County,16740.0,32.0,,14.0,3.0,15.0,393.0,Knox County,16748.0,20.0,,6.0,6.0,8.0
175,337,Knox County,Fredericktown,2461,4,0,0,0,4,162.53555469999998,330.0,Knox County,2486.0,6.0,0.0,2.0,0.0,4.0,341.0,Knox County,2502.0,4.0,0.0,1.0,0.0,3.0,388.0,Knox County,2478.0,2.0,,,,2.0,395.0,Knox County,2469.0,,,,,
176,340,Lake County,Eastlake,18056,14,1,2,5,6,77.53655295,333.0,Lake County,18166.0,10.0,1.0,0.0,3.0,6.0,344.0,Lake County,18261.0,11.0,0.0,1.0,7.0,3.0,392.0,Lake County,18381.0,14.0,1.0,1.0,6.0,6.0,399.0,Lake County,18423.0,16.0,,1.0,9.0,6.0
177,343,Lake County,Mentor,46663,72,0,11,17,44,154.29783769999997,336.0,Lake County,46852.0,51.0,0.0,10.0,11.0,30.0,347.0,Lake County,46802.0,59.0,1.0,6.0,19.0,33.0,394.0,Lake County,46937.0,3.0,,,3.0,,403.0,Lake County,46979.0,43.0,,20.0,11.0,12.0
178,345,Lake County,Painesville,19719,11,1,1,0,9,55.78376185,338.0,Lake County,19827.0,8.0,0.0,0.0,1.0,7.0,349.0,Lake County,19913.0,17.0,0.0,0.0,6.0,11.0,396.0,Lake County,20026.0,50.0,2.0,12.0,19.0,17.0,405.0,Lake County,19655.0,45.0,,7.0,32.0,6.0
179,347,Lake County,Wickliffe,12679,9,0,0,4,5,70.98351605,340.0,Lake County,12506.0,17.0,0.0,0.0,9.0,8.0,351.0,Lake County,12545.0,2.0,0.0,0.0,2.0,0.0,,,,,,,,,407.0,Lake County,12635.0,,,,,
180,348,Lake County,Willoughby,22857,34,0,1,17,16,148.75092969999997,341.0,Lake County,22701.0,45.0,1.0,8.0,21.0,15.0,352.0,Lake County,22495.0,27.0,0.0,2.0,10.0,15.0,398.0,Lake County,22501.0,22.0,,2.0,9.0,11.0,408.0,Lake County,22374.0,14.0,,3.0,4.0,7.0
181,349,Lake County,Madison,15380,4,0,0,0,4,26.00780234,,,,,,,,,,,,,,,,,,,,,,,,,402.0,Lake County,3179.0,,,,,
182,358,Franklin County,Reynoldsburg,9137,25,0,6,12,7,273.61278319999997,201.0,Franklin County,27474.0,61.0,5.0,6.0,26.0,24.0,210.0,Franklin County,27084.0,6.0,0.0,2.0,2.0,2.0,236.0,Franklin County,26889.0,42.0,,14.0,14.0,14.0,239.0,Franklin County,26729.0,52.0,1.0,5.0,35.0,11.0
183,359,Franklin County,New Albany,168,0,0,0,0,0,0.0,210.0,Franklin County,10210.0,5.0,0.0,2.0,1.0,2.0,220.0,Franklin County,9531.0,5.0,0.0,1.0,1.0,3.0,245.0,Franklin County,9052.0,3.0,,,,3.0,249.0,Franklin County,8743.0,2.0,,,,2.0
184,361,Licking County,Granville,5787,0,0,0,0,0,0.0,,,,,,,,,365.0,Licking County,5736.0,3.0,0.0,3.0,0.0,0.0,,,,,,,,,423.0,Licking County,5634.0,,,,,
185,363,Licking County,Johnstown,5025,2,0,1,0,1,39.80099502,,,,,,,,,367.0,Licking County,4926.0,5.0,0.0,0.0,0.0,5.0,414.0,Licking County,4876.0,3.0,,,,3.0,426.0,Licking County,4862.0,3.0,,1.0,1.0,1.0
186,367,Logan County,Bellefontaine,13144,14,0,6,2,6,106.5124772,358.0,Logan County,13073.0,23.0,0.0,8.0,2.0,13.0,371.0,Logan County,13124.0,30.0,0.0,8.0,5.0,17.0,419.0,Logan County,13156.0,29.0,,12.0,6.0,11.0,434.0,Logan County,13147.0,45.0,,10.0,12.0,23.0
187,368,Logan County,Russells Point,1367,4,1,2,0,1,292.6115582,359.0,Logan County,1355.0,0.0,0.0,0.0,0.0,0.0,372.0,Logan County,1361.0,1.0,0.0,1.0,0.0,0.0,420.0,Logan County,1363.0,1.0,,,,1.0,,,,,,,,
188,369,Logan County,West Liberty,1785,1,0,0,0,1,56.02240896,361.0,Logan County,1769.0,3.0,0.0,0.0,0.0,3.0,374.0,Logan County,1775.0,4.0,0.0,1.0,0.0,3.0,422.0,Logan County,1777.0,5.0,,1.0,1.0,3.0,437.0,Logan County,1784.0,2.0,,,,2.0
189,371,Lorain County,Elyria,53586,191,3,39,64,85,356.43638260000006,363.0,Lorain County,53633.0,161.0,4.0,26.0,71.0,60.0,376.0,Lorain County,53843.0,8.0,0.0,5.0,2.0,1.0,,,,,,,,,,,,,,,,
190,372,Lorain County,Vermilion,5778,2,0,1,0,1,34.61405331,364.0,Lorain County,5783.0,2.0,0.0,0.0,0.0,2.0,377.0,Lorain County,5808.0,3.0,0.0,1.0,0.0,2.0,425.0,Lorain County,5804.0,6.0,,2.0,,4.0,,,,,,,,
191,373,Lorain County,Amherst,12090,5,0,0,2,3,41.35649297,365.0,Lorain County,12156.0,7.0,0.0,1.0,3.0,3.0,378.0,Lorain County,12171.0,5.0,0.0,0.0,5.0,0.0,426.0,Lorain County,12133.0,3.0,,1.0,2.0,,,,,,,,,
192,374,Lorain County,Avon Lake,23839,8,0,0,1,7,33.55845463,366.0,Lorain County,23625.0,1.0,0.0,0.0,0.0,1.0,,,,,,,,,,,,,,,,,,,,,,,,
193,375,Lorain County,Lorain,63672,373,2,30,87,254,585.8148008999999,367.0,Lorain County,63561.0,127.0,6.0,14.0,43.0,64.0,379.0,Lorain County,63700.0,171.0,0.0,20.0,66.0,85.0,427.0,Lorain County,63619.0,244.0,,38.0,91.0,115.0,442.0,Lorain County,63582.0,303.0,6.0,30.0,161.0,106.0
194,376,Lorain County,Oberlin,8321,13,0,6,0,7,156.2312222,368.0,Lorain County,8342.0,38.0,0.0,27.0,4.0,7.0,380.0,Lorain County,8215.0,18.0,1.0,11.0,4.0,2.0,428.0,Lorain County,8389.0,12.0,,7.0,2.0,3.0,,,,,,,,
195,377,Lorain County,North Ridgeville,33586,17,1,7,2,7,50.61632823,369.0,Lorain County,33095.0,12.0,1.0,4.0,3.0,4.0,381.0,Lorain County,32469.0,11.0,2.0,3.0,3.0,3.0,429.0,Lorain County,31706.0,11.0,,3.0,4.0,4.0,444.0,Lorain County,30905.0,14.0,,3.0,5.0,6.0
196,378,Lorain County,Sheffield Lake,8983,7,0,5,2,0,77.92496939,,,,,,,,,382.0,Lorain County,9039.0,2.0,0.0,0.0,1.0,1.0,430.0,Lorain County,9051.0,6.0,,3.0,2.0,1.0,445.0,Lorain County,9050.0,6.0,,3.0,2.0,1.0
197,379,Lorain County,Grafton,6182,1,0,1,0,0,16.17599482,370.0,Lorain County,6105.0,4.0,1.0,0.0,2.0,1.0,383.0,Lorain County,5981.0,6.0,0.0,3.0,0.0,3.0,431.0,Lorain County,5895.0,3.0,,,,3.0,446.0,Lorain County,5716.0,4.0,,1.0,,3.0
198,381,Lucas County,Toledo,277116,2829,35,180,780,1834,1020.872126,373.0,Lucas County,278366.0,3319.0,37.0,316.0,803.0,2163.0,386.0,Lucas County,279552.0,3156.0,24.0,228.0,902.0,2002.0,435.0,Lucas County,281150.0,3068.0,24.0,231.0,944.0,1869.0,450.0,Lucas County,283035.0,2902.0,28.0,129.0,962.0,1783.0
199,382,Fulton County,Swanton,145,0,0,0,0,0,0.0,220.0,Fulton County,3754.0,3.0,0.0,2.0,0.0,1.0,235.0,Fulton County,3763.0,4.0,0.0,0.0,0.0,4.0,261.0,Fulton County,3597.0,,,,,,267.0,Fulton County,3582.0,3.0,,1.0,1.0,1.0
200,383,Lucas County,Maumee,13809,5,0,0,3,2,36.20826997,375.0,Lucas County,13875.0,15.0,0.0,8.0,3.0,4.0,388.0,Lucas County,13978.0,14.0,0.0,1.0,5.0,8.0,437.0,Lucas County,14062.0,18.0,,4.0,7.0,7.0,452.0,Lucas County,14081.0,12.0,,5.0,3.0,4.0
201,384,Lucas County,Oregon,19991,36,1,10,8,17,180.0810365,376.0,Lucas County,20055.0,37.0,0.0,5.0,6.0,26.0,389.0,Lucas County,20160.0,35.0,0.0,3.0,10.0,22.0,438.0,Lucas County,20207.0,27.0,,5.0,7.0,15.0,453.0,Lucas County,20188.0,28.0,,8.0,9.0,11.0
202,388,Lucas County,Holland,1662,7,0,1,4,2,421.17930199999995,379.0,Lucas County,1698.0,6.0,0.0,1.0,5.0,0.0,392.0,Lucas County,1702.0,10.0,0.0,0.0,9.0,1.0,,,,,,,,,456.0,Lucas County,1758.0,8.0,,,5.0,3.0
203,389,Lucas County,Waterville,5518,1,0,0,0,1,18.12250816,380.0,Lucas County,5511.0,2.0,0.0,0.0,1.0,1.0,393.0,Lucas County,5515.0,0.0,0.0,0.0,0.0,0.0,442.0,Lucas County,5506.0,3.0,,1.0,,2.0,457.0,Lucas County,5496.0,5.0,,3.0,,2.0
204,390,Lucas County,Whitehouse,4622,2,0,0,1,1,43.27131112,381.0,Lucas County,4528.0,1.0,0.0,0.0,0.0,1.0,394.0,Lucas County,4473.0,3.0,0.0,2.0,0.0,1.0,443.0,Lucas County,4397.0,3.0,,1.0,,2.0,458.0,Lucas County,4325.0,3.0,,2.0,,1.0
205,397,Madison County,London,10202,14,0,2,2,10,137.2279945,388.0,Madison County,10092.0,7.0,0.0,2.0,2.0,3.0,400.0,Madison County,10094.0,20.0,0.0,6.0,5.0,9.0,449.0,Madison County,9996.0,14.0,,6.0,1.0,7.0,463.0,Madison County,9867.0,16.0,,3.0,4.0,9.0
206,398,Madison County,West Jefferson,4347,2,0,0,0,2,46.00874166,389.0,Madison County,4291.0,3.0,0.0,0.0,1.0,2.0,401.0,Madison County,4284.0,2.0,0.0,0.0,2.0,0.0,450.0,Madison County,4239.0,1.0,,,,1.0,464.0,Madison County,4192.0,2.0,,,1.0,1.0
207,400,Mahoning County,Boardman,39276,61,0,14,31,16,155.3111315,392.0,Mahoning County,39692.0,54.0,0.0,6.0,22.0,26.0,404.0,Mahoning County,39887.0,67.0,0.0,8.0,35.0,24.0,454.0,Mahoning County,40047.0,65.0,1.0,15.0,35.0,14.0,468.0,Mahoning County,40277.0,40.0,1.0,3.0,34.0,2.0
208,401,Mahoning County,Youngstown,63878,447,23,32,151,241,699.7714392999999,393.0,Mahoning County,64170.0,415.0,12.0,28.0,151.0,224.0,405.0,Mahoning County,64597.0,478.0,19.0,37.0,144.0,278.0,455.0,Mahoning County,64658.0,427.0,14.0,37.0,132.0,244.0,469.0,Mahoning County,64927.0,528.0,14.0,27.0,170.0,317.0
209,402,Columbiana County,Columbiana,650,0,0,0,0,0,0.0,98.0,Columbiana County,5604.0,3.0,0.0,2.0,0.0,1.0,105.0,Columbiana County,5645.0,3.0,0.0,0.0,0.0,3.0,121.0,Columbiana County,5639.0,2.0,,,,2.0,120.0,Columbiana County,5654.0,4.0,,,,4.0
210,403,Columbiana County,Salem,4,0,0,0,0,0,0.0,101.0,Columbiana County,11939.0,9.0,0.0,1.0,1.0,7.0,108.0,Columbiana County,12029.0,17.0,0.0,3.0,0.0,14.0,124.0,Columbiana County,12081.0,11.0,,1.0,4.0,6.0,124.0,Columbiana County,12111.0,6.0,1.0,,1.0,4.0
211,405,Mahoning County,Austintown,35303,62,0,9,14,39,175.6224683,397.0,Mahoning County,35680.0,52.0,0.0,9.0,13.0,30.0,,,,,,,,,459.0,Mahoning County,35997.0,64.0,1.0,17.0,16.0,30.0,,,,,,,,
212,407,Mahoning County,Canfield,7246,3,0,1,0,2,41.40215291,399.0,Mahoning County,7323.0,1.0,0.0,1.0,0.0,0.0,411.0,Mahoning County,8439.0,4.0,0.0,1.0,1.0,2.0,461.0,Mahoning County,7386.0,2.0,,,,2.0,,,,,,,,
213,411,Mahoning County,Struthers,10228,15,0,1,4,10,146.6562378,403.0,Mahoning County,10314.0,27.0,0.0,1.0,8.0,18.0,415.0,Mahoning County,10380.0,22.0,0.0,3.0,6.0,13.0,465.0,Mahoning County,10451.0,31.0,3.0,5.0,9.0,14.0,479.0,Mahoning County,10522.0,11.0,,2.0,1.0,8.0
214,412,Mahoning County,Craig Beach,1129,1,0,1,0,0,88.57395926,404.0,Mahoning County,1137.0,0.0,0.0,0.0,0.0,0.0,,,,,,,,,,,,,,,,,,,,,,,,
215,413,Mahoning County,New Middletown,1553,0,0,0,0,0,0.0,,,,,,,,,,,,,,,,,466.0,Mahoning County,1584.0,2.0,,1.0,,1.0,480.0,Mahoning County,1594.0,,,,,
216,416,Clermont County,Goshen,3072,3,0,2,0,1,97.65625,86.0,Clermont County,15787.0,6.0,0.0,3.0,1.0,2.0,,,,,,,,,108.0,Clermont County,15626.0,11.0,,6.0,3.0,2.0,106.0,Clermont County,15620.0,3.0,,2.0,,1.0
217,418,Mahoning County,North Jackson,2018,2,0,0,0,2,99.10802775,,,,,,,,,423.0,Mahoning County,2053.0,1.0,0.0,0.0,0.0,1.0,,,,,,,,,,,,,,,,
218,421,Stark County,Alliance,35,0,0,0,0,0,0.0,561.0,Stark County,21973.0,99.0,0.0,13.0,11.0,75.0,573.0,Stark County,21984.0,131.0,1.0,14.0,15.0,101.0,651.0,Stark County,22152.0,75.0,1.0,9.0,19.0,46.0,670.0,Stark County,22104.0,83.0,1.0,14.0,12.0,56.0
219,425,Medina County,Brunswick,34838,21,1,2,4,14,60.27900568,418.0,Medina County,34774.0,25.0,0.0,1.0,0.0,24.0,430.0,Medina County,34692.0,17.0,1.0,2.0,2.0,12.0,481.0,Medina County,34620.0,19.0,,1.0,2.0,16.0,498.0,Medina County,34402.0,16.0,1.0,1.0,5.0,9.0
220,426,Medina County,Medina,26199,17,1,5,5,6,64.88797282,419.0,Medina County,26280.0,13.0,1.0,5.0,1.0,6.0,431.0,Medina County,26496.0,29.0,2.0,7.0,7.0,13.0,482.0,Medina County,26551.0,21.0,,3.0,11.0,7.0,499.0,Medina County,26492.0,19.0,1.0,6.0,5.0,7.0
221,427,Medina County,Wadsworth,23388,24,0,4,1,19,102.6167265,420.0,Medina County,21910.0,24.0,0.0,7.0,2.0,15.0,432.0,Medina County,21966.0,17.0,1.0,5.0,3.0,8.0,483.0,Medina County,21894.0,11.0,,6.0,,5.0,500.0,Medina County,21758.0,18.0,,8.0,3.0,7.0
222,429,Medina County,Spencer,777,2,0,1,0,1,257.4002574,423.0,Medina County,766.0,0.0,0.0,0.0,0.0,0.0,435.0,Medina County,771.0,4.0,0.0,0.0,0.0,4.0,487.0,Medina County,770.0,,,,,,,,,,,,,
223,430,Medina County,Hinckley,7970,1,0,0,0,1,12.54705144,424.0,Medina County,8041.0,6.0,2.0,0.0,0.0,4.0,436.0,Medina County,7993.0,5.0,0.0,0.0,2.0,3.0,488.0,Medina County,7873.0,4.0,,3.0,,1.0,504.0,Medina County,7777.0,2.0,,2.0,,
224,434,Wayne County,Rittman,114,0,0,0,0,0,0.0,653.0,Wayne County,6484.0,4.0,0.0,1.0,1.0,2.0,669.0,Wayne County,6454.0,4.0,0.0,0.0,2.0,2.0,755.0,Wayne County,6437.0,2.0,,,2.0,,776.0,Wayne County,6390.0,7.0,,1.0,3.0,3.0
225,435,Wayne County,Creston,91,0,0,0,0,0,0.0,,,,,,,,,672.0,Wayne County,2085.0,4.0,0.0,0.0,0.0,4.0,758.0,Wayne County,2075.0,5.0,,1.0,2.0,2.0,779.0,Wayne County,2072.0,1.0,,,1.0,
226,443,Mercer County,Coldwater,4519,3,0,3,0,0,66.38636867,437.0,Mercer County,4501.0,0.0,0.0,0.0,0.0,0.0,449.0,Mercer County,4459.0,0.0,0.0,0.0,0.0,0.0,503.0,Mercer County,4454.0,1.0,,,,1.0,519.0,Mercer County,4451.0,2.0,,,,2.0
227,444,Mercer County,Fort Recovery,1436,1,0,0,0,1,69.63788301,438.0,Mercer County,1430.0,1.0,0.0,1.0,0.0,0.0,450.0,Mercer County,1419.0,0.0,0.0,0.0,0.0,0.0,504.0,Mercer County,1416.0,1.0,,1.0,,,520.0,Mercer County,1422.0,,,,,
228,445,Mercer County,Rockford,1099,0,0,0,0,0,0.0,439.0,Mercer County,1105.0,2.0,0.0,1.0,1.0,0.0,451.0,Mercer County,1106.0,0.0,0.0,0.0,0.0,0.0,505.0,Mercer County,1113.0,,,,,,521.0,Mercer County,1117.0,,,,,
229,446,Mercer County,Saint Henry,2527,1,0,0,0,1,39.57261575,,,,,,,,,452.0,Mercer County,2503.0,0.0,0.0,0.0,0.0,0.0,506.0,Mercer County,2496.0,1.0,,,,1.0,522.0,Mercer County,2480.0,,,,,
230,448,Miami County,Piqua,20973,54,1,33,11,9,257.473895,441.0,Miami County,20845.0,39.0,1.0,19.0,13.0,6.0,454.0,Miami County,20821.0,52.0,0.0,17.0,28.0,7.0,509.0,Miami County,20746.0,35.0,,15.0,13.0,7.0,525.0,Miami County,20656.0,33.0,,18.0,14.0,1.0
231,449,Miami County,Tipp City,9957,4,0,4,0,0,40.17274279,442.0,Miami County,9941.0,7.0,0.0,1.0,1.0,5.0,455.0,Miami County,9900.0,8.0,0.0,1.0,6.0,1.0,510.0,Miami County,9839.0,5.0,,1.0,2.0,2.0,526.0,Miami County,9799.0,9.0,,4.0,3.0,2.0
232,450,Miami County,Troy,25865,38,1,20,6,11,146.91668280000002,443.0,Miami County,25745.0,22.0,0.0,13.0,3.0,6.0,456.0,Miami County,25649.0,61.0,0.0,25.0,10.0,26.0,511.0,Miami County,25500.0,41.0,,12.0,13.0,16.0,527.0,Miami County,25424.0,20.0,,4.0,9.0,7.0
233,451,Miami County,Covington,2637,3,0,0,0,3,113.76564280000001,444.0,Miami County,2633.0,3.0,0.0,0.0,2.0,1.0,457.0,Miami County,2624.0,1.0,0.0,0.0,0.0,1.0,512.0,Miami County,2606.0,1.0,,1.0,,,528.0,Miami County,2596.0,1.0,,,,1.0
234,452,Dayton,Huber Heights,995,2,0,0,1,1,201.00502509999998,,,,,,,,,,,,,,,,,,,,,,,,,,,,,,,,
235,456,Dayton,Dayton,140171,1232,30,122,393,687,878.9264541000001,449.0,Montgomery County,140260.0,1402.0,36.0,133.0,496.0,737.0,462.0,Montgomery County,140683.0,1339.0,27.0,155.0,483.0,674.0,519.0,Montgomery County,143217.0,1237.0,27.0,144.0,537.0,529.0,,,,,,,,
236,457,Dayton,Centerville,23780,14,0,2,4,8,58.87300252,450.0,Montgomery County,23851.0,13.0,0.0,0.0,3.0,10.0,463.0,Montgomery County,23886.0,14.0,0.0,2.0,6.0,6.0,520.0,Montgomery County,23947.0,23.0,,3.0,5.0,15.0,,,,,,,,
237,458,Dayton,Germantown,5477,4,0,2,1,1,73.03268213,451.0,Montgomery County,5495.0,6.0,0.0,0.0,0.0,6.0,464.0,Montgomery County,5496.0,2.0,0.0,0.0,0.0,2.0,521.0,Montgomery County,5520.0,4.0,,2.0,,2.0,,,,,,,,
238,459,Dayton,Kettering,54681,70,0,23,26,21,128.0152155,452.0,Montgomery County,54915.0,73.0,0.0,26.0,26.0,21.0,465.0,Montgomery County,55106.0,71.0,1.0,24.0,35.0,11.0,522.0,Montgomery County,55311.0,53.0,,16.0,18.0,19.0,,,,,,,,
239,461,Dayton,Miamisburg,19928,14,0,4,2,8,70.25291048,454.0,Montgomery County,20000.0,20.0,0.0,4.0,12.0,4.0,467.0,Montgomery County,20064.0,18.0,0.0,6.0,6.0,6.0,524.0,Montgomery County,20109.0,34.0,,9.0,13.0,12.0,,,,,,,,
240,462,Dayton,Moraine,6360,27,0,8,10,9,424.5283018999999,,,,,,,,,468.0,Montgomery County,6378.0,35.0,0.0,7.0,21.0,7.0,525.0,Montgomery County,6331.0,20.0,,4.0,9.0,7.0,,,,,,,,
241,463,Dayton,Clayton,13149,5,0,0,4,1,38.02570538,456.0,Montgomery County,13129.0,6.0,0.0,0.0,3.0,3.0,469.0,Montgomery County,13156.0,8.0,1.0,0.0,6.0,1.0,526.0,Montgomery County,13209.0,7.0,,2.0,5.0,,,,,,,,,
242,463,Dayton,Clayton,13149,5,0,0,4,1,38.02570538,469.0,Montgomery County,4217.0,2.0,0.0,2.0,0.0,0.0,469.0,Montgomery County,13156.0,8.0,1.0,0.0,6.0,1.0,526.0,Montgomery County,13209.0,7.0,,2.0,5.0,,,,,,,,,
243,464,Dayton,Trotwood,24308,69,3,15,35,16,283.8571664,457.0,Montgomery County,24024.0,90.0,11.0,20.0,37.0,22.0,470.0,Montgomery County,24100.0,84.0,4.0,17.0,42.0,21.0,527.0,Montgomery County,24193.0,98.0,,25.0,40.0,33.0,,,,,,,,
244,465,Dayton,Vandalia,15022,26,0,10,11,5,173.07948340000002,458.0,Montgomery County,15073.0,14.0,0.0,2.0,9.0,3.0,471.0,Montgomery County,15106.0,26.0,0.0,6.0,11.0,9.0,528.0,Montgomery County,15151.0,19.0,,5.0,10.0,4.0,,,,,,,,
245,466,Dayton,Huber Heights,37001,75,0,15,20,40,202.69722439999998,,,,,,,,,,,,,,,,,,,,,,,,,,,,,,,,
246,467,Dayton,West Carrollton,12898,23,1,5,11,6,178.32222050000001,,,,,,,,,473.0,Montgomery County,12983.0,38.0,0.0,14.0,17.0,7.0,530.0,Montgomery County,13028.0,27.0,,5.0,17.0,5.0,,,,,,,,
247,468,Dayton,Brookville,5896,6,0,3,3,0,101.7639077,461.0,Montgomery County,5902.0,7.0,0.0,5.0,1.0,1.0,474.0,Montgomery County,5895.0,3.0,0.0,2.0,1.0,0.0,,,,,,,,,,,,,,,,
248,469,Dayton,Englewood,13504,19,0,1,7,11,140.6990521,,,,,,,,,475.0,Montgomery County,13450.0,18.0,0.0,11.0,4.0,3.0,532.0,Montgomery County,13466.0,25.0,1.0,4.0,9.0,11.0,,,,,,,,
249,470,Dayton,New Lebanon,3966,10,0,2,4,4,252.1432173,,,,,,,,,476.0,Montgomery County,3986.0,6.0,0.0,1.0,1.0,4.0,533.0,Montgomery County,3987.0,3.0,,1.0,2.0,,,,,,,,,
250,474,Mahoning County,North Jackson,3658,1,0,0,0,1,27.33734281,,,,,,,,,423.0,Mahoning County,2053.0,1.0,0.0,0.0,0.0,1.0,,,,,,,,,,,,,,,,
251,479,Warren County,Springboro,1273,0,0,0,0,0,0.0,644.0,Warren County,17119.0,11.0,0.0,6.0,1.0,4.0,658.0,Warren County,16933.0,12.0,0.0,7.0,1.0,4.0,742.0,Warren County,16722.0,12.0,,6.0,2.0,4.0,763.0,Warren County,16480.0,12.0,,5.0,1.0,6.0
252,484,Muskingum County,Zanesville,25457,100,0,19,21,60,392.8192639,477.0,Muskingum County,25494.0,93.0,0.0,18.0,28.0,47.0,492.0,Muskingum County,25337.0,92.0,1.0,11.0,19.0,61.0,552.0,Muskingum County,25415.0,103.0,,17.0,24.0,62.0,570.0,Muskingum County,25378.0,109.0,1.0,16.0,38.0,54.0
253,485,Muskingum County,Dresden,1707,0,0,0,0,0,0.0,478.0,Muskingum County,1736.0,2.0,0.0,0.0,0.0,2.0,493.0,Muskingum County,1733.0,0.0,0.0,0.0,0.0,0.0,,,,,,,,,571.0,Muskingum County,1515.0,,,,,
254,486,Muskingum County,Frazeysburg,1294,1,0,0,0,1,77.2797527,479.0,Muskingum County,1321.0,1.0,0.0,1.0,0.0,0.0,494.0,Muskingum County,1315.0,0.0,0.0,0.0,0.0,0.0,553.0,Muskingum County,1313.0,1.0,,1.0,,,572.0,Muskingum County,1318.0,1.0,,1.0,,
255,487,Muskingum County,New Concord,2337,0,0,0,0,0,0.0,480.0,Muskingum County,2317.0,0.0,0.0,0.0,0.0,0.0,495.0,Muskingum County,2299.0,0.0,0.0,0.0,0.0,0.0,554.0,Muskingum County,1567.0,,,,,,573.0,Muskingum County,2489.0,1.0,,,,1.0
256,488,Muskingum County,Roseville,763,1,0,1,0,0,131.061599,481.0,Muskingum County,755.0,3.0,0.0,0.0,0.0,3.0,496.0,Muskingum County,750.0,2.0,0.0,0.0,0.0,2.0,555.0,Muskingum County,747.0,1.0,,,,1.0,574.0,Muskingum County,752.0,1.0,,,,1.0
257,493,Ottawa County,Oak Harbor,2731,1,0,1,0,0,36.61662395,486.0,Ottawa County,2705.0,1.0,0.0,1.0,0.0,0.0,501.0,Ottawa County,2728.0,3.0,0.0,2.0,0.0,1.0,562.0,Ottawa County,2738.0,5.0,,,1.0,4.0,579.0,Ottawa County,2750.0,3.0,,1.0,,2.0
258,494,Ottawa County,Port Clinton,5928,21,0,12,3,6,354.2510121,487.0,Ottawa County,5939.0,13.0,0.0,8.0,2.0,3.0,502.0,Ottawa County,5998.0,20.0,0.0,13.0,0.0,7.0,563.0,Ottawa County,6029.0,22.0,1.0,4.0,3.0,14.0,580.0,Ottawa County,6046.0,16.0,,6.0,2.0,8.0
259,495,Ottawa County,Genoa,2276,1,0,0,0,1,43.93673111,488.0,Ottawa County,2301.0,1.0,0.0,0.0,0.0,1.0,503.0,Ottawa County,2318.0,0.0,0.0,0.0,0.0,0.0,565.0,Ottawa County,2319.0,3.0,,1.0,,2.0,582.0,Ottawa County,2332.0,1.0,,,,1.0
260,496,Ottawa County,Put in Bay,135,0,0,0,0,0,0.0,490.0,Ottawa County,136.0,3.0,0.0,0.0,0.0,3.0,,,,,,,,,,,,,,,,,,,,,,,,
261,502,Muskingum County,Roseville,1083,3,0,1,1,1,277.0083102,481.0,Muskingum County,755.0,3.0,0.0,0.0,0.0,3.0,496.0,Muskingum County,750.0,2.0,0.0,0.0,0.0,2.0,555.0,Muskingum County,747.0,1.0,,,,1.0,574.0,Muskingum County,752.0,1.0,,,,1.0
262,503,Perry County,Crooksville,2491,0,0,0,0,0,0.0,496.0,Perry County,2491.0,0.0,0.0,0.0,0.0,0.0,510.0,Perry County,2484.0,2.0,0.0,0.0,1.0,1.0,576.0,Perry County,2514.0,2.0,,2.0,,,594.0,Perry County,2513.0,,,,,
263,504,Perry County,New Lexington,4716,11,0,6,1,4,233.24851569999996,497.0,Perry County,4721.0,12.0,0.0,5.0,1.0,6.0,511.0,Perry County,4708.0,13.0,0.0,3.0,3.0,7.0,577.0,Perry County,4753.0,20.0,,7.0,4.0,9.0,595.0,Perry County,4749.0,14.0,,3.0,2.0,9.0
264,508,Perry County,Somerset,1460,0,0,0,0,0,0.0,500.0,Perry County,1461.0,0.0,0.0,0.0,0.0,0.0,513.0,Perry County,1457.0,0.0,0.0,0.0,0.0,0.0,580.0,Perry County,1470.0,,,,,,598.0,Perry County,1471.0,,,,,
265,509,Perry County,Thornville,997,0,0,0,0,0,0.0,501.0,Perry County,997.0,0.0,0.0,0.0,0.0,0.0,514.0,Perry County,992.0,1.0,0.0,1.0,0.0,0.0,581.0,Perry County,991.0,2.0,,,,2.0,599.0,Perry County,995.0,,,,,
266,511,Pickaway County,Circleville,13972,57,0,13,21,23,407.9587747,503.0,Pickaway County,13930.0,37.0,0.0,5.0,12.0,20.0,516.0,Pickaway County,13482.0,39.0,1.0,10.0,13.0,15.0,584.0,Pickaway County,13469.0,34.0,,17.0,7.0,10.0,602.0,Pickaway County,13491.0,23.0,,12.0,4.0,7.0
267,512,Pickaway County,Ashville,4211,3,1,0,1,1,71.24198528,504.0,Pickaway County,4207.0,1.0,0.0,1.0,0.0,0.0,517.0,Pickaway County,4160.0,3.0,0.0,0.0,0.0,3.0,585.0,Pickaway County,4113.0,2.0,,,,2.0,603.0,Pickaway County,4118.0,1.0,,,1.0,
268,519,Portage County,Aurora,15932,3,0,0,1,2,18.83002762,511.0,Portage County,15897.0,11.0,0.0,2.0,5.0,4.0,524.0,Portage County,15783.0,6.0,0.0,3.0,0.0,3.0,593.0,Portage County,15586.0,9.0,,1.0,1.0,7.0,611.0,Portage County,15457.0,9.0,,1.0,3.0,5.0
269,520,Portage County,Garrettsville,2321,0,0,0,0,0,0.0,512.0,Portage County,2326.0,0.0,0.0,0.0,0.0,0.0,525.0,Portage County,2327.0,1.0,0.0,0.0,0.0,1.0,,,,,,,,,,,,,,,,
270,521,Portage County,Kent,30270,44,0,1,11,32,145.3584407,513.0,Portage County,29995.0,67.0,1.0,0.0,13.0,53.0,526.0,Portage County,29831.0,65.0,1.0,2.0,9.0,53.0,594.0,Portage County,32582.0,76.0,,2.0,15.0,59.0,612.0,Portage County,30121.0,56.0,,5.0,26.0,25.0
271,521,Portage County,Kent,30270,44,0,1,11,32,145.3584407,513.0,Portage County,29995.0,67.0,1.0,0.0,13.0,53.0,526.0,Portage County,29831.0,65.0,1.0,2.0,9.0,53.0,594.0,Portage County,32582.0,76.0,,2.0,15.0,59.0,615.0,Portage County,,1.0,,1.0,,
272,522,Portage County,Windham,2199,4,0,0,0,4,181.90086399999998,514.0,Portage County,2201.0,3.0,0.0,0.0,1.0,2.0,527.0,Portage County,2202.0,9.0,0.0,4.0,0.0,5.0,595.0,Portage County,2186.0,6.0,,1.0,,5.0,613.0,Portage County,2185.0,2.0,,1.0,,1.0
273,524,Portage County,Hiram,1164,3,0,1,0,2,257.7319588,516.0,Portage County,1238.0,0.0,0.0,0.0,0.0,0.0,529.0,Portage County,1275.0,0.0,0.0,0.0,0.0,0.0,597.0,Portage County,1283.0,,,,,,614.0,Portage County,1450.0,,,,,
274,526,Portage County,Streetsboro,16308,11,0,2,5,4,67.45155752,518.0,Portage County,16364.0,6.0,0.0,0.0,1.0,5.0,531.0,Portage County,16286.0,12.0,0.0,4.0,3.0,5.0,599.0,Portage County,16152.0,11.0,,3.0,3.0,5.0,,,,,,,,
275,529,Portage County,Mogadore,1002,0,0,0,0,0,0.0,521.0,Portage County,1030.0,0.0,0.0,0.0,0.0,0.0,534.0,Portage County,1023.0,1.0,0.0,0.0,0.0,1.0,602.0,Portage County,1007.0,1.0,,,,1.0,,,,,,,,
276,530,Summit County,Tallmadge,287,0,0,0,0,0,0.0,585.0,Summit County,17213.0,23.0,0.0,4.0,9.0,10.0,598.0,Summit County,17230.0,17.0,0.0,8.0,4.0,5.0,676.0,Summit County,17254.0,23.0,,10.0,3.0,10.0,,,,,,,,
277,532,Preble County,Camden,1951,0,0,0,0,0,0.0,524.0,Preble County,1955.0,0.0,0.0,0.0,0.0,0.0,537.0,Preble County,1970.0,0.0,0.0,0.0,0.0,0.0,606.0,Preble County,1977.0,1.0,,,,1.0,622.0,Preble County,2002.0,,,,,
278,534,Preble County,West Alexandria,1339,1,0,1,0,0,74.68259895,526.0,Preble County,1334.0,1.0,0.0,0.0,0.0,1.0,540.0,Preble County,1341.0,3.0,0.0,1.0,0.0,2.0,608.0,Preble County,1350.0,,,,,,625.0,Preble County,1355.0,,,,,
279,536,Putnam County,Ottawa,4394,6,0,2,0,4,136.54984069999998,528.0,Putnam County,4385.0,3.0,0.0,0.0,0.0,3.0,542.0,Putnam County,4410.0,3.0,0.0,1.0,0.0,2.0,611.0,Putnam County,4391.0,1.0,,1.0,,,628.0,Putnam County,4404.0,,,,,
280,537,Putnam County,Columbus Grove,2077,0,0,0,0,0,0.0,529.0,Putnam County,2052.0,1.0,0.0,1.0,0.0,0.0,543.0,Putnam County,2071.0,2.0,0.0,0.0,0.0,2.0,612.0,Putnam County,2073.0,1.0,,,,1.0,629.0,Putnam County,2086.0,1.0,,,,1.0
281,538,Putnam County,Leipsic,2022,1,0,0,0,1,49.45598417,530.0,Putnam County,2021.0,1.0,0.0,0.0,0.0,1.0,544.0,Putnam County,2038.0,0.0,0.0,0.0,0.0,0.0,613.0,Putnam County,2035.0,,,,,,630.0,Putnam County,2056.0,1.0,,,,1.0
282,540,Putnam County,Pandora,1146,0,0,0,0,0,0.0,532.0,Putnam County,1146.0,0.0,0.0,0.0,0.0,0.0,546.0,Putnam County,1151.0,0.0,0.0,0.0,0.0,0.0,615.0,Putnam County,1143.0,,,,,,632.0,Putnam County,1143.0,,,,,
283,543,Richland County,Mansfield,46507,248,7,45,75,121,533.2530587,535.0,Richland County,46656.0,209.0,3.0,58.0,63.0,85.0,549.0,Richland County,46605.0,236.0,5.0,60.0,75.0,96.0,619.0,Richland County,46145.0,215.0,3.0,43.0,88.0,81.0,637.0,Richland County,46832.0,180.0,,44.0,82.0,54.0
284,547,Richland County,Shelby,8987,11,0,9,0,2,122.39902079999999,,,,,,,,,552.0,Richland County,9038.0,3.0,0.0,1.0,2.0,0.0,622.0,Richland County,9089.0,4.0,,2.0,2.0,,641.0,Richland County,9131.0,11.0,,6.0,4.0,1.0
285,548,Richland County,Bellville,1864,0,0,0,0,0,0.0,540.0,Richland County,1863.0,1.0,0.0,1.0,0.0,0.0,553.0,Richland County,1869.0,2.0,0.0,0.0,0.0,2.0,623.0,Richland County,1880.0,1.0,,,,1.0,642.0,Richland County,1887.0,,,,,
286,549,Richland County,Lexington,4686,0,0,0,0,0,0.0,541.0,Richland County,4715.0,0.0,0.0,0.0,0.0,0.0,,,,,,,,,,,,,,,,,643.0,Richland County,4751.0,2.0,,2.0,,
287,551,Ross County,Chillicothe,21695,93,0,14,28,51,428.67020049999996,543.0,Ross County,21692.0,94.0,0.0,8.0,34.0,52.0,555.0,Ross County,21696.0,100.0,3.0,12.0,29.0,56.0,627.0,Ross County,21896.0,81.0,,8.0,30.0,43.0,647.0,Ross County,21679.0,73.0,,8.0,29.0,36.0
288,553,Sandusky County,Clyde,6191,4,0,0,0,4,64.60991762,546.0,Sandusky County,6233.0,3.0,0.0,0.0,2.0,1.0,558.0,Sandusky County,6290.0,3.0,1.0,0.0,0.0,2.0,631.0,Sandusky County,6277.0,3.0,,1.0,1.0,1.0,650.0,Sandusky County,6281.0,2.0,,1.0,,1.0
289,554,Sandusky County,Fremont,16241,31,1,2,12,16,190.8749461,547.0,Sandusky County,16215.0,32.0,2.0,0.0,11.0,19.0,559.0,Sandusky County,16380.0,46.0,0.0,0.0,24.0,22.0,632.0,Sandusky County,16377.0,24.0,3.0,2.0,7.0,12.0,651.0,Sandusky County,16515.0,42.0,,1.0,14.0,27.0
290,561,Seneca County,Tiffin,17481,18,0,2,4,12,102.9689377,554.0,Seneca County,17637.0,13.0,0.0,5.0,3.0,5.0,565.0,Seneca County,17690.0,19.0,0.0,1.0,2.0,16.0,641.0,Seneca County,17806.0,16.0,,3.0,9.0,4.0,,,,,,,,
291,563,Shelby County,Sidney,20466,42,3,24,9,6,205.218411,556.0,Shelby County,20797.0,45.0,0.0,16.0,16.0,13.0,567.0,Shelby County,20836.0,39.0,0.0,13.0,11.0,15.0,644.0,Shelby County,20961.0,37.0,2.0,11.0,15.0,9.0,662.0,Shelby County,20980.0,35.0,,8.0,18.0,9.0
292,564,Shelby County,Fort Loramie,1500,0,0,0,0,0,0.0,557.0,Shelby County,1493.0,0.0,0.0,0.0,0.0,0.0,568.0,Shelby County,1493.0,0.0,0.0,0.0,0.0,0.0,645.0,Shelby County,1501.0,,,,,,663.0,Shelby County,1498.0,,,,,
293,566,Stark County,Canton,71031,836,16,97,188,535,1176.950909,559.0,Stark County,71652.0,677.0,8.0,77.0,171.0,421.0,571.0,Stark County,72111.0,814.0,7.0,69.0,242.0,496.0,649.0,Stark County,72391.0,730.0,7.0,91.0,229.0,403.0,668.0,Stark County,72598.0,673.0,11.0,72.0,357.0,233.0
294,567,Stark County,Massillon,32265,52,0,14,11,27,161.1653494,,,,,,,,,572.0,Stark County,32301.0,85.0,1.0,26.0,21.0,37.0,650.0,Stark County,32196.0,86.0,1.0,13.0,28.0,44.0,669.0,Stark County,32159.0,73.0,,15.0,31.0,27.0
295,568,Stark County,Alliance,21803,75,0,14,11,50,343.98935930000005,561.0,Stark County,21973.0,99.0,0.0,13.0,11.0,75.0,573.0,Stark County,21984.0,131.0,1.0,14.0,15.0,101.0,651.0,Stark County,22152.0,75.0,1.0,9.0,19.0,46.0,670.0,Stark County,22104.0,83.0,1.0,14.0,12.0,56.0
296,569,Stark County,Brewster,2154,0,0,0,0,0,0.0,562.0,Stark County,2169.0,0.0,0.0,0.0,0.0,0.0,574.0,Stark County,2171.0,1.0,0.0,0.0,0.0,1.0,652.0,Stark County,2162.0,2.0,,,,2.0,671.0,Stark County,2163.0,,,,,
297,570,Stark County,Canal Fulton,5428,2,0,1,0,1,36.84598379,563.0,Stark County,5489.0,2.0,0.0,2.0,0.0,0.0,575.0,Stark County,5497.0,5.0,0.0,1.0,0.0,4.0,653.0,Stark County,5506.0,4.0,,1.0,,3.0,672.0,Stark County,5486.0,1.0,,,,1.0
298,571,Stark County,East Canton,1589,0,0,0,0,0,0.0,,,,,,,,,,,,,,,,,654.0,Stark County,1594.0,,,,,,,,,,,,,
299,572,Stark County,Hartville,3030,2,0,0,0,2,66.00660066,565.0,Stark County,2974.0,1.0,0.0,0.0,1.0,0.0,577.0,Stark County,2968.0,1.0,0.0,0.0,1.0,0.0,655.0,Stark County,2956.0,1.0,,,,1.0,,,,,,,,
300,573,Stark County,Louisville,9373,2,0,0,0,2,21.33788542,566.0,Stark County,9115.0,14.0,0.0,2.0,2.0,10.0,578.0,Stark County,9139.0,14.0,0.0,7.0,1.0,6.0,656.0,Stark County,9150.0,12.0,,3.0,1.0,8.0,675.0,Stark County,9143.0,6.0,,,2.0,4.0
301,574,Stark County,Minerva,1931,1,0,0,0,1,51.78663905,567.0,Stark County,1944.0,3.0,1.0,0.0,0.0,2.0,579.0,Stark County,1946.0,1.0,0.0,0.0,0.0,1.0,657.0,Stark County,1941.0,1.0,,,,1.0,676.0,Stark County,1937.0,,,,,
302,575,Stark County,Navarre,1901,1,0,0,0,1,52.60389269,568.0,Stark County,1916.0,0.0,0.0,0.0,0.0,0.0,580.0,Stark County,1925.0,2.0,0.0,1.0,0.0,1.0,658.0,Stark County,1937.0,2.0,,,,2.0,677.0,Stark County,1937.0,,,,,
303,576,Stark County,North Canton,17348,12,0,4,3,5,69.17223887,569.0,Stark County,17435.0,9.0,0.0,3.0,2.0,4.0,581.0,Stark County,17496.0,20.0,0.0,4.0,2.0,14.0,659.0,Stark County,17503.0,14.0,,5.0,2.0,7.0,678.0,Stark County,17380.0,12.0,,2.0,8.0,2.0
304,577,Stark County,Beach City,989,0,0,0,0,0,0.0,570.0,Stark County,1007.0,0.0,0.0,0.0,0.0,0.0,582.0,Stark County,1008.0,0.0,0.0,0.0,0.0,0.0,660.0,Stark County,1008.0,,,,,,679.0,Stark County,1020.0,,,,,
305,578,Stark County,North Lawrence,8273,9,2,2,0,5,108.78762240000002,,,,,,,,,,,,,,,,,,,,,,,,,,,,,,,,
306,579,Mahoning County,North Jackson,40624,58,1,14,24,19,142.77274519999997,,,,,,,,,423.0,Mahoning County,2053.0,1.0,0.0,0.0,0.0,1.0,,,,,,,,,,,,,,,,
307,581,Stark County,Magnolia,714,1,0,1,0,0,140.05602240000002,574.0,Stark County,714.0,1.0,0.0,0.0,0.0,1.0,587.0,Stark County,714.0,3.0,0.0,1.0,1.0,1.0,665.0,Stark County,713.0,2.0,,,,2.0,,,,,,,,
308,583,Summit County,Akron,197412,1377,42,209,395,731,697.5259863,576.0,Summit County,197257.0,1216.0,34.0,212.0,415.0,555.0,589.0,Summit County,197587.0,1225.0,29.0,179.0,414.0,603.0,668.0,Summit County,197891.0,1366.0,26.0,176.0,436.0,728.0,,,,,,,,
309,584,Summit County,Barberton,26050,103,1,19,14,69,395.39347410000005,577.0,Summit County,26172.0,75.0,0.0,17.0,10.0,48.0,590.0,Summit County,26242.0,58.0,1.0,11.0,15.0,31.0,669.0,Summit County,26286.0,68.0,,13.0,14.0,41.0,,,,,,,,
310,585,Summit County,Cuyahoga Falls,49145,49,2,18,8,21,99.70495473,578.0,Summit County,49064.0,67.0,0.0,24.0,14.0,29.0,591.0,Summit County,49124.0,50.0,0.0,10.0,7.0,33.0,670.0,Summit County,49196.0,49.0,1.0,10.0,9.0,29.0,,,,,,,,
311,586,Summit County,Hudson,22248,12,0,2,1,9,53.93743258,579.0,Summit County,22470.0,4.0,0.0,1.0,0.0,3.0,,,,,,,,,671.0,Summit County,22526.0,4.0,,2.0,,2.0,,,,,,,,
312,588,Summit County,Macedonia,12027,5,0,1,1,3,41.57312713,580.0,Summit County,11794.0,8.0,0.0,1.0,4.0,3.0,593.0,Summit County,11687.0,2.0,0.0,1.0,0.0,1.0,,,,,,,,,,,,,,,,
313,589,Portage County,Mogadore,2827,0,0,0,0,0,0.0,521.0,Portage County,1030.0,0.0,0.0,0.0,0.0,0.0,534.0,Portage County,1023.0,1.0,0.0,0.0,0.0,1.0,602.0,Portage County,1007.0,1.0,,,,1.0,,,,,,,,
314,590,Summit County,Northfield,3669,5,0,0,1,4,136.2769147,582.0,Summit County,3630.0,2.0,0.0,0.0,1.0,1.0,595.0,Summit County,3636.0,2.0,0.0,1.0,0.0,1.0,673.0,Summit County,3653.0,8.0,1.0,,,7.0,,,,,,,,
315,592,Summit County,Stow,34692,32,1,19,6,6,92.24028594,,,,,,,,,597.0,Summit County,34762.0,23.0,0.0,10.0,12.0,1.0,675.0,Summit County,34755.0,24.0,1.0,13.0,5.0,5.0,,,,,,,,
316,593,Summit County,Tallmadge,17242,18,0,6,8,4,104.3962417,585.0,Summit County,17213.0,23.0,0.0,4.0,9.0,10.0,598.0,Summit County,17230.0,17.0,0.0,8.0,4.0,5.0,676.0,Summit County,17254.0,23.0,,10.0,3.0,10.0,,,,,,,,
317,594,Summit County,Twinsburg,18891,18,2,0,4,12,95.28346832,586.0,Summit County,18888.0,20.0,1.0,1.0,5.0,13.0,599.0,Summit County,18849.0,22.0,1.0,1.0,3.0,17.0,677.0,Summit County,18882.0,5.0,,1.0,2.0,2.0,,,,,,,,
318,595,Summit County,Munroe Falls,5051,1,0,0,0,1,19.79805979,588.0,Summit County,5012.0,2.0,0.0,1.0,0.0,1.0,601.0,Summit County,5015.0,3.0,0.0,0.0,0.0,3.0,679.0,Summit County,5027.0,,,,,,,,,,,,,
319,596,Summit County,Peninsula,563,0,0,0,0,0,0.0,589.0,Summit County,572.0,1.0,0.0,0.0,1.0,0.0,602.0,Summit County,570.0,0.0,0.0,0.0,0.0,0.0,680.0,Summit County,563.0,,,,,,,,,,,,,
320,600,Summit County,Copley,17280,15,1,1,2,11,86.80555556,593.0,Summit County,17653.0,5.0,0.0,2.0,1.0,2.0,,,,,,,,,,,,,,,,,,,,,,,,
321,605,Mahoning County,Youngstown,11,0,0,0,0,0,0.0,393.0,Mahoning County,64170.0,415.0,12.0,28.0,151.0,224.0,405.0,Mahoning County,64597.0,478.0,19.0,37.0,144.0,278.0,455.0,Mahoning County,64658.0,427.0,14.0,37.0,132.0,244.0,469.0,Mahoning County,64927.0,528.0,14.0,27.0,170.0,317.0
322,606,Trumbull County,Warren,39643,227,11,32,101,83,572.6105492,599.0,Trumbull County,40005.0,228.0,2.0,27.0,90.0,109.0,611.0,Trumbull County,40425.0,228.0,2.0,34.0,85.0,107.0,690.0,Trumbull County,40592.0,182.0,2.0,29.0,87.0,64.0,709.0,Trumbull County,40474.0,265.0,7.0,26.0,128.0,104.0
323,607,Trumbull County,Hubbard,7533,8,0,3,0,5,106.19938940000002,600.0,Trumbull County,7609.0,10.0,0.0,0.0,0.0,10.0,612.0,Trumbull County,7654.0,8.0,0.0,1.0,1.0,6.0,692.0,Trumbull County,7724.0,9.0,,2.0,2.0,5.0,711.0,Trumbull County,7758.0,5.0,,1.0,1.0,3.0
324,609,Trumbull County,Newton Falls,4567,10,0,4,0,6,218.9621196,602.0,Trumbull County,4628.0,9.0,0.0,3.0,2.0,4.0,,,,,,,,,694.0,Trumbull County,4701.0,9.0,,4.0,2.0,3.0,713.0,Trumbull County,4723.0,6.0,,1.0,,5.0
325,610,Trumbull County,Niles,18334,55,0,8,12,35,299.98909130000004,603.0,Trumbull County,18538.0,53.0,1.0,8.0,21.0,23.0,615.0,Trumbull County,18667.0,59.0,1.0,3.0,32.0,23.0,695.0,Trumbull County,18848.0,64.0,,4.0,36.0,24.0,714.0,Trumbull County,18950.0,51.0,,2.0,30.0,19.0
326,611,Trumbull County,Cortland,6844,1,0,0,1,0,14.6113384,604.0,Trumbull County,6894.0,1.0,0.0,0.0,0.0,1.0,616.0,Trumbull County,6931.0,3.0,0.0,2.0,0.0,1.0,696.0,Trumbull County,6999.0,2.0,,,,2.0,,,,,,,,
327,614,Trumbull County,Lordstown,3242,3,0,1,0,2,92.53547193,606.0,Trumbull County,3278.0,1.0,0.0,1.0,0.0,0.0,,,,,,,,,,,,,,,,,718.0,Trumbull County,3363.0,1.0,,,1.0,
328,621,Tuscarawas County,Dennison,2625,2,0,0,0,2,76.19047619,614.0,Tuscarawas County,2638.0,2.0,0.0,0.0,0.0,2.0,627.0,Tuscarawas County,2637.0,0.0,0.0,0.0,0.0,0.0,708.0,Tuscarawas County,2642.0,,,,,,729.0,Tuscarawas County,2634.0,1.0,,,,1.0
329,633,Franklin County,Dublin,2510,1,0,1,0,0,39.84063745,196.0,Franklin County,38892.0,20.0,0.0,8.0,5.0,7.0,206.0,Franklin County,38074.0,21.0,0.0,7.0,8.0,6.0,232.0,Franklin County,37361.0,7.0,,,6.0,1.0,234.0,Franklin County,36712.0,9.0,,1.0,7.0,1.0
330,634,Union County,Marysville,23622,17,1,4,3,9,71.96681059999999,628.0,Union County,22952.0,7.0,0.0,2.0,1.0,4.0,641.0,Union County,22851.0,12.0,0.0,3.0,2.0,7.0,723.0,Union County,22460.0,11.0,,1.0,4.0,6.0,743.0,Union County,22031.0,12.0,,1.0,2.0,9.0
331,636,Allen County,Delphos,3052,3,0,3,0,0,98.29619921,11.0,Allen County,3884.0,2.0,0.0,1.0,0.0,1.0,12.0,Allen County,3906.0,1.0,0.0,0.0,0.0,1.0,13.0,Allen County,3920.0,2.0,,1.0,1.0,,13.0,Allen County,3917.0,1.0,,1.0,,
332,637,Van Wert County,Van Wert,10713,22,1,7,3,11,205.3579763,631.0,Van Wert County,10794.0,29.0,0.0,10.0,1.0,18.0,645.0,Van Wert County,10755.0,31.0,0.0,13.0,2.0,16.0,728.0,Van Wert County,10763.0,31.0,,8.0,1.0,22.0,748.0,Van Wert County,10852.0,22.0,1.0,3.0,1.0,17.0
333,641,Butler County,Middletown,2759,14,0,2,5,7,507.4302283,55.0,Butler County,46067.0,242.0,5.0,41.0,67.0,129.0,60.0,Butler County,46102.0,221.0,0.0,31.0,60.0,130.0,69.0,Butler County,45877.0,292.0,2.0,36.0,77.0,177.0,68.0,Butler County,45971.0,285.0,,37.0,71.0,177.0
334,643,Clermont County,Loveland,823,0,0,0,0,0,0.0,90.0,Clermont County,2036.0,0.0,0.0,0.0,0.0,0.0,97.0,Clermont County,2002.0,0.0,0.0,0.0,0.0,0.0,112.0,Clermont County,1981.0,1.0,,,,1.0,110.0,Clermont County,1959.0,1.0,,1.0,,
335,644,Warren County,Franklin,11779,31,1,6,13,11,263.180236,638.0,Warren County,11782.0,23.0,1.0,4.0,10.0,8.0,652.0,Warren County,11818.0,24.0,0.0,7.0,8.0,9.0,,,,,,,,,757.0,Warren County,11831.0,15.0,,1.0,12.0,2.0
336,646,Warren County,Lebanon,20741,4,0,0,1,3,19.28547322,,,,,,,,,653.0,Warren County,20515.0,11.0,0.0,9.0,0.0,2.0,,,,,,,,,758.0,Warren County,20480.0,20.0,,7.0,7.0,6.0
337,647,Warren County,Mason,33406,12,0,5,3,4,35.92169071,640.0,Warren County,33026.0,6.0,0.0,3.0,2.0,1.0,654.0,Warren County,31793.0,13.0,0.0,6.0,6.0,1.0,738.0,Warren County,31416.0,11.0,,7.0,1.0,3.0,759.0,Warren County,31204.0,11.0,,2.0,6.0,3.0
338,650,Warren County,Maineville,1070,0,0,0,0,0,0.0,643.0,Warren County,992.0,0.0,0.0,0.0,0.0,0.0,657.0,Warren County,983.0,0.0,0.0,0.0,0.0,0.0,741.0,Warren County,1024.0,,,,,,762.0,Warren County,1014.0,,,,,
339,651,Warren County,Springboro,17359,10,0,5,0,5,57.60700501,644.0,Warren County,17119.0,11.0,0.0,6.0,1.0,4.0,658.0,Warren County,16933.0,12.0,0.0,7.0,1.0,4.0,742.0,Warren County,16722.0,12.0,,6.0,2.0,4.0,763.0,Warren County,16480.0,12.0,,5.0,1.0,6.0
340,654,Washington County,Belpre,6466,2,0,0,0,2,30.93102382,647.0,Washington County,6484.0,11.0,0.0,3.0,2.0,6.0,661.0,Washington County,6437.0,5.0,1.0,1.0,0.0,3.0,746.0,Washington County,6429.0,5.0,,1.0,,4.0,767.0,Washington County,6429.0,5.0,,,1.0,4.0
341,655,Washington County,Marietta,13582,23,0,11,2,10,169.34177590000002,648.0,Washington County,13867.0,8.0,0.0,2.0,4.0,2.0,662.0,Washington County,13927.0,13.0,0.0,8.0,1.0,4.0,747.0,Washington County,14051.0,10.0,,3.0,1.0,6.0,768.0,Washington County,14013.0,21.0,,6.0,7.0,8.0
342,659,Wayne County,Orrville,8527,15,0,6,0,9,175.9118095,652.0,Wayne County,8514.0,16.0,3.0,4.0,1.0,8.0,668.0,Wayne County,8475.0,5.0,0.0,1.0,1.0,3.0,754.0,Wayne County,8445.0,6.0,,3.0,2.0,1.0,775.0,Wayne County,8400.0,7.0,,4.0,1.0,2.0
343,660,Wayne County,Rittman,6496,9,0,3,2,4,138.546798,653.0,Wayne County,6484.0,4.0,0.0,1.0,1.0,2.0,669.0,Wayne County,6454.0,4.0,0.0,0.0,2.0,2.0,755.0,Wayne County,6437.0,2.0,,,2.0,,776.0,Wayne County,6390.0,7.0,,1.0,3.0,3.0
344,661,Wayne County,Wooster,27172,102,0,30,24,48,375.3864272,654.0,Wayne County,26883.0,73.0,0.0,24.0,14.0,35.0,670.0,Wayne County,26651.0,57.0,2.0,18.0,14.0,23.0,756.0,Wayne County,26455.0,73.0,1.0,32.0,17.0,23.0,777.0,Wayne County,26468.0,42.0,,12.0,15.0,15.0
345,662,Wayne County,Apple Creek,1188,2,0,0,0,2,168.3501684,655.0,Wayne County,1186.0,0.0,0.0,0.0,0.0,0.0,671.0,Wayne County,1182.0,0.0,0.0,0.0,0.0,0.0,757.0,Wayne County,1181.0,,,,,,778.0,Wayne County,1173.0,,,,,
346,663,Wayne County,Creston,2097,1,0,0,0,1,47.68717215,,,,,,,,,672.0,Wayne County,2085.0,4.0,0.0,0.0,0.0,4.0,758.0,Wayne County,2075.0,5.0,,1.0,2.0,2.0,779.0,Wayne County,2072.0,1.0,,,1.0,
347,664,Wayne County,Marshallville,761,1,0,1,0,0,131.4060447,,,,,,,,,673.0,Wayne County,760.0,0.0,0.0,0.0,0.0,0.0,759.0,Wayne County,759.0,,,,,,780.0,Wayne County,756.0,,,,,
348,665,Wayne County,Smithville,1277,1,0,1,0,0,78.30853563,657.0,Wayne County,1273.0,3.0,0.0,1.0,0.0,2.0,674.0,Wayne County,1266.0,2.0,0.0,0.0,0.0,2.0,760.0,Wayne County,1261.0,,,,,,,,,,,,,
349,667,Williams County,Montpelier,3976,27,0,5,1,21,679.0744467000001,659.0,Williams County,3980.0,14.0,1.0,5.0,3.0,5.0,676.0,Williams County,4010.0,12.0,0.0,2.0,1.0,9.0,765.0,Williams County,4048.0,9.0,,2.0,,7.0,787.0,Williams County,4050.0,23.0,,4.0,2.0,17.0
350,668,Williams County,Pioneer,1412,3,0,2,0,1,212.4645892,660.0,Williams County,1406.0,2.0,0.0,1.0,0.0,1.0,677.0,Williams County,1415.0,1.0,0.0,1.0,0.0,0.0,766.0,Williams County,1373.0,2.0,,2.0,,,789.0,Williams County,1373.0,2.0,,1.0,1.0,
351,670,Wood County,Bowling Green,31779,41,0,20,6,15,129.0160169,663.0,Wood County,31404.0,42.0,0.0,19.0,8.0,15.0,679.0,Wood County,31878.0,48.0,0.0,15.0,8.0,25.0,768.0,Wood County,32145.0,38.0,,16.0,9.0,13.0,791.0,Wood County,31844.0,49.0,,22.0,10.0,17.0
352,671,Wood County,North Baltimore,3546,10,0,2,0,8,282.0078962,664.0,Wood County,3568.0,9.0,0.0,2.0,2.0,5.0,680.0,Wood County,3547.0,3.0,1.0,0.0,0.0,2.0,769.0,Wood County,3510.0,1.0,,1.0,,,792.0,Wood County,3492.0,,,,,
353,672,Wood County,Perrysburg,21732,7,0,3,4,0,32.21056507,665.0,Wood County,21548.0,8.0,0.0,3.0,3.0,2.0,681.0,Wood County,21511.0,8.0,0.0,4.0,3.0,1.0,770.0,Wood County,21518.0,4.0,,2.0,1.0,1.0,793.0,Wood County,21279.0,5.0,,3.0,1.0,1.0
354,674,Wood County,Bradner,1024,1,0,0,0,1,97.65625,667.0,Wood County,1026.0,0.0,0.0,0.0,0.0,0.0,684.0,Wood County,1018.0,0.0,0.0,0.0,0.0,0.0,772.0,Wood County,1010.0,,,,,,,,,,,,,
355,675,Wood County,Northwood,5423,19,0,2,4,13,350.3595796,669.0,Wood County,5376.0,6.0,0.0,2.0,3.0,1.0,686.0,Wood County,5371.0,10.0,0.0,0.0,5.0,5.0,775.0,Wood County,5364.0,16.0,,2.0,10.0,4.0,797.0,Wood County,5370.0,9.0,,3.0,4.0,2.0
356,676,Wood County,Pemberville,1425,0,0,0,0,0,0.0,670.0,Wood County,1433.0,1.0,0.0,1.0,0.0,0.0,687.0,Wood County,1424.0,0.0,0.0,0.0,0.0,0.0,776.0,Wood County,1410.0,,,,,,,,,,,,,
357,677,Wood County,Wayne,927,0,0,0,0,0,0.0,671.0,Wood County,900.0,0.0,0.0,0.0,0.0,0.0,689.0,Wood County,901.0,0.0,0.0,0.0,0.0,0.0,,,,,,,,,801.0,Wood County,896.0,,,,,
