County,City,POPULATION,VIOLENT CRIME,MURDER,FORCIBLE RAPE,ROBBERY,AGG ASSAULT
#N/A,#N/A,,,,,,
#N/A,#N/A,,1,,,,1
#N/A,#N/A,,,,,,
#N/A,#N/A,,277,5,14,8,250
#N/A,#N/A,,,,,,
#N/A,#N/A,2016,1,,1,,
#N/A,#N/A,1776,1,,,,1
#N/A,#N/A,942,,,,,
#N/A,#N/A,19441,13,,2,1,10
#N/A,#N/A,,,,,,
Allen County,Lima,38691,466,6,51,101,308
Allen County,Bluffton,3945,5,,1,1,3
Allen County,Delphos,3929,3,,2,1,
#N/A,#N/A,3716,,,,,
Allen County,Spencerville,2218,,,,,
Allen County,Elida,1900,,,,,
#N/A,#N/A,8686,4,,,2,2
#N/A,#N/A,12444,4,,,1,3
#N/A,#N/A,3522,,,,,
#N/A,#N/A,2771,,,,,
#N/A,#N/A,24265,69,2,18,12,37
#N/A,#N/A,,,,,,
Ashland County,Ashland,20366,19,,9,3,7
Ashland County,Loudonville,2587,3,,,1,2
,,29331,12,,6,,6
#N/A,#N/A,,,,,,
Ashtabula County,Conneaut,12823,21,,,6,15
Ashtabula County,Geneva,1286,5,,2,,3
Ashtabula County,Roaming Shores,1507,1,,,1,
Ashtabula County,Ashtabula,51589,65,2,10,10,43
#N/A,#N/A,,,,,,
Athens County,Athens,23834,15,,1,8,6
Athens County,Glouster,1791,2,,,2,
Athens County,Nelsonville,5393,3,,,2,1
Athens County,Albany,829,,,,,
#N/A,#N/A,542,1,,,,1
#N/A,#N/A,,12,,6,2,4
Athens County,Coolville,495,,,,,
,,31401,19,,5,6,8
#N/A,#N/A,,,,,,
Auglaize County,Wapakoneta,9842,11,,,2,9
#N/A,#N/A,1848,1,,,,1
#N/A,#N/A,845,,,,,
#N/A,#N/A,17888,4,,1,,3
#N/A,#N/A,,,,,,
Belmont County,Barnesville,4178,,,,,
#N/A,#N/A,4262,,,,,
#N/A,#N/A,1824,,,,,
Belmont County,Martins Ferry,6890,3,,,,3
Belmont County,Powhatan Point,1586,2,,,,2
#N/A,#N/A,3771,,,,,
Belmont County,Saint Clairsville,5166,2,,1,,1
#N/A,#N/A,1252,,,,,
#N/A,#N/A,9762,1,,,,1
#N/A,#N/A,30276,21,,4,3,14
#N/A,#N/A,,,,,,
Brown County,Georgetown,4470,4,,,1,3
#N/A,#N/A,559,1,,,,1
Brown County,Sardinia,976,,,,,
#N/A,#N/A,,,,,,
#N/A,#N/A,33063,2,,,1,1
#N/A,#N/A,,,,,,
#N/A,#N/A,42727,146,4,7,28,107
#N/A,#N/A,62791,372,3,89,157,123
#N/A,#N/A,46228,338,1,29,77,231
#N/A,#N/A,14715,52,1,5,4,42
#N/A,#N/A,2261,,,,,
#N/A,#N/A,21443,63,,11,2,50
#N/A,#N/A,11930,,,,,
#N/A,#N/A,2110,,,,,
#N/A,#N/A,58897,54,,28,12,14
#N/A,#N/A,8396,,,,,
#N/A,#N/A,,13,,11,,2
#N/A,#N/A,21484,19,,2,4,13
#N/A,#N/A,2376,2,,1,1,
#N/A,#N/A,74618,315,1,7,11,296
#N/A,#N/A,,,,,,
#N/A,#N/A,,,,,,
#N/A,#N/A,,,,,,
Carroll County,Carrollton,3242,10,,,,10
#N/A,#N/A,1774,1,,,,1
#N/A,#N/A,265,,,,,
#N/A,#N/A,23499,45,,1,,44
#N/A,#N/A,,,,,,
#N/A,#N/A,1632,1,,,,1
#N/A,#N/A,11706,17,1,3,3,10
#N/A,#N/A,2074,1,,,,1
#N/A,#N/A,24380,14,,,1,13
#N/A,#N/A,,,,,,
Clark County,Springfield,60329,373,5,38,178,152
Clark County,Enon,2404,,,,,
Clark County,South Charleston,1685,,,,,
#N/A,#N/A,372,,,,,
Clark County,South Vienna,381,,,,,
#N/A,#N/A,7079,2,,,2,
#N/A,#N/A,65131,28,,7,2,19
#N/A,#N/A,,,,,,
Clermont County,Batavia,1524,2,,2,,
Clermont County,Bethel,2735,2,,1,,1
Clermont County,Milford,6739,16,,,3,13
Clermont County,Amelia,4844,1,,,,1
Clermont County,Felicity,825,,,,,
Clermont County,New Richmond,2605,1,,1,,
#N/A,#N/A,396,,,,,
#N/A,#N/A,802,,,,,
Clermont County,Williamsburg,2512,,,,,
Clermont County,Goshen,15644,6,,5,,1
#N/A,#N/A,41213,14,1,3,4,6
#N/A,#N/A,46833,36,1,9,17,9
#N/A,#N/A,11313,7,,1,4,2
Clermont County,Loveland,1958,,,,,
#N/A,#N/A,59183,64,,11,3,50
#N/A,#N/A,,,,,,
Clinton County,Blanchester,4231,1,,,,1
Clinton County,New Vienna,1220,,,,,
Clinton County,Sabina,2557,2,,,1,1
Clinton County,Wilmington,12487,8,,3,3,2
#N/A,#N/A,21427,10,,4,,6
#N/A,#N/A,,,,,,
Columbiana County,East Liverpool,11198,9,,3,3,3
Columbiana County,East Palestine,4708,3,,,1,2
Columbiana County,Salem,12265,4,,1,1,2
#N/A,#N/A,1307,2,,1,,1
#N/A,#N/A,4005,2,1,1,,
#N/A,#N/A,7936,,,,,
#N/A,#N/A,4541,,,,,
#N/A,#N/A,2,,,,,
#N/A,#N/A,47863,14,1,1,1,11
#N/A,#N/A,,,,,,
Coshocton County,West Lafayette,2323,,,,,
#N/A,#N/A,34620,19,,,5,14
#N/A,#N/A,,,,,,
#N/A,#N/A,4571,11,,1,2,8
#N/A,#N/A,10415,11,,2,3,6
#N/A,#N/A,957,2,,,1,1
#N/A,#N/A,15191,8,,1,,7
#N/A,#N/A,,,,,,
Cuyahoga County,Cleveland,393781,5469,85,373,3257,1754
#N/A,#N/A,,,,,,
Cuyahoga County,Bay Village,15527,,,,,
#N/A,#N/A,11866,32,,1,2,29
Cuyahoga County,Bedford,12971,29,,1,14,14
#N/A,#N/A,10665,41,,4,18,19
Cuyahoga County,Berea,18959,7,,,1,6
#N/A,#N/A,1188,,,,,
Cuyahoga County,Brecksville,13554,4,,,,4
Cuyahoga County,Broadview Heights,19246,4,,,,4
#N/A,#N/A,11081,35,2,5,15,13
Cuyahoga County,Brook Park,19062,10,,3,2,5
#N/A,#N/A,4081,3,,,2,1
Cuyahoga County,Cleveland Heights,45761,168,,10,110,48
#N/A,#N/A,17704,88,,4,,84
Cuyahoga County,Euclid,48538,92,,12,34,46
Cuyahoga County,Garfield Heights,28623,78,6,9,33,30
Cuyahoga County,Gates Mills,2251,1,,1,,
#N/A,#N/A,916,,,,,
#N/A,#N/A,8279,2,,,2,
#N/A,#N/A,585,,,,,
#N/A,#N/A,7070,10,,2,,8
Cuyahoga County,Lakewood,51721,65,3,3,34,25
Cuyahoga County,Lyndhurst,13892,1,,1,,
#N/A,#N/A,19004,12,,,4,8
#N/A,#N/A,3434,2,,,,2
#N/A,#N/A,3294,,,,,
Cuyahoga County,North Olmsted,32461,21,,3,6,12
#N/A,#N/A,13407,2,,1,,1
Cuyahoga County,Olmsted Falls,8953,11,,,3,8
#N/A,#N/A,3297,2,,,1,1
Cuyahoga County,Parma,80963,58,,4,15,39
Cuyahoga County,Parma Heights,20557,33,,13,8,12
#N/A,#N/A,5934,,,,,
Cuyahoga County,Richmond Heights,10464,15,,2,10,3
Cuyahoga County,Seven Hills,11718,2,,1,,1
Cuyahoga County,Shaker Heights,28224,34,,4,28,2
Cuyahoga County,Solon,23165,7,,,1,6
Cuyahoga County,South Euclid,22125,34,2,4,24,4
Cuyahoga County,Strongsville,44397,13,,6,5,2
#N/A,#N/A,13444,16,,2,10,4
#N/A,#N/A,2263,,,,,
#N/A,#N/A,13436,47,,5,32,10
#N/A,#N/A,1125,1,,,,1
Cuyahoga County,Westlake,32477,,,,,
#N/A,#N/A,876,3,,,,3
#N/A,#N/A,,,,,,
#N/A,#N/A,178,2,,,1,1
#N/A,#N/A,,3,,,2,1
#N/A,#N/A,,3,,,3,
#N/A,#N/A,,,,,,
#N/A,#N/A,13188,54,,3,9,42
Darke County,Arcanum,2123,2,,1,,1
#N/A,#N/A,1662,,,,,
#N/A,#N/A,33773,14,,2,3,9
#N/A,#N/A,,,,,,
3318,Defiance,16621,26,,12,4,10
10615,Hicksville,3568,1,,,,1
#N/A,#N/A,18693,6,,5,,1
#N/A,#N/A,,,,,,
#N/A,#N/A,7418,48,1,6,30,11
#N/A,#N/A,35539,53,,17,23,13
Delaware County,Powell,11776,,,,,
#N/A,#N/A,698,2,,,,2
#N/A,#N/A,23643,2,,,,2
#N/A,#N/A,4114,1,,,1,
#N/A,#N/A,7974,3,,1,2,
#N/A,#N/A,82016,25,1,8,3,13
#N/A,#N/A,,,,,,
Erie County,Huron,7118,15,,1,,14
Erie County,Sandusky,25680,80,5,11,26,38
#N/A,#N/A,4721,5,,,3,2
#N/A,#N/A,630,1,,,1,
Erie County,Berlin Heights,711,,,,,
Erie County,Milan,1001,,,,,
#N/A,#N/A,12150,2,,,1,1
#N/A,#N/A,24423,28,,,,28
#N/A,#N/A,,,,,,
#N/A,#N/A,9727,57,1,7,36,13
Fairfield County,Lancaster,39024,92,2,21,39,30
Fairfield County,Baltimore,2985,1,,,,1
Fairfield County,Carroll,526,,,,,
Fairfield County,Lithopolis,1080,,,,,
Fairfield County,Millersport,1050,,,,,
Fairfield County,Pickerington,18320,,,,,
Fairfield County,Sugar Grove,428,,,,,
#N/A,#N/A,916,2,,,1,1
#N/A,#N/A,72986,26,,9,10,7
#N/A,#N/A,,,,,,
Fayette County,Washington Court House,14168,20,,4,5,11
#N/A,#N/A,14815,24,,2,11,11
#N/A,#N/A,,,,,,
Franklin County,Columbus,780239,4703,69,577,2965,1092
#N/A,#N/A,32,,,,,
#N/A,#N/A,87,,,,,
#N/A,#N/A,,1,,1,,
Franklin County,Bexley,13220,14,,1,11,2
Franklin County,Dublin,35840,14,1,1,7,5
Franklin County,Gahanna,33692,23,1,9,5,8
Franklin County,Grandview Heights,6625,1,,,1,
Franklin County,Grove City,36050,38,1,12,21,4
Franklin County,Hilliard,28814,20,,1,15,4
Franklin County,Reynoldsburg,26509,65,2,5,42,16
Franklin County,Upper Arlington,34221,9,,,8,1
Franklin County,Westerville,28689,10,,2,7,1
Franklin County,Whitehall,18305,164,1,13,107,43
Franklin County,Worthington,13754,4,,,2,2
#N/A,#N/A,,,,,,
Franklin County,Groveport,5435,2,,,1,1
#N/A,#N/A,325,,,,,
#N/A,#N/A,1288,1,,,1,
Franklin County,New Albany,7808,2,,,,2
#N/A,#N/A,,14,,9,4,1
#N/A,#N/A,7892,13,,1,7,5
#N/A,#N/A,4164,20,1,2,11,6
#N/A,#N/A,2496,10,1,2,6,1
#N/A,#N/A,3684,,,,,
#N/A,#N/A,18270,16,,,7,9
#N/A,#N/A,2427,4,,,2,2
#N/A,#N/A,,1,,,1,
#N/A,#N/A,,1,,,,1
#N/A,#N/A,,,,,,
#N/A,#N/A,68231,130,2,6,64,58
#N/A,#N/A,,,,,,
Fulton County,Delta,3088,,,,,
#N/A,#N/A,1278,2,,2,,
Fulton County,Swanton,3565,,,,,
Fulton County,Wauseon,7301,6,,2,1,3
#N/A,#N/A,22948,24,1,3,,20
#N/A,#N/A,,,,,,
#N/A,#N/A,3644,8,,1,3,4
#N/A,#N/A,835,2,,,,2
#N/A,#N/A,,,,,,
#N/A,#N/A,26357,18,2,4,7,5
#N/A,#N/A,,,,,,
#N/A,#N/A,115,,,,,
Geauga County,Chardon,5139,12,3,,1,8
Geauga County,Burton,1453,,,,,
Geauga County,Middlefield,2690,,,,,
#N/A,#N/A,3803,1,,,,1
#N/A,#N/A,5180,,,,,
#N/A,#N/A,,,,,,
#N/A,#N/A,53231,19,,5,4,10
#N/A,#N/A,,,,,,
#N/A,#N/A,32618,57,2,11,24,20
Greene County,Xenia,25923,60,,14,20,26
Greene County,Yellow Springs,3516,3,,,1,2
Greene County,Bellbrook,7001,3,,1,1,1
#N/A,#N/A,2008,1,,1,,
Greene County,Beavercreek,45563,25,,6,13,6
#N/A,#N/A,,6,,5,,1
#N/A,#N/A,8104,5,,1,,4
#N/A,#N/A,,1,,,,1
#N/A,#N/A,2,,,,,
#N/A,#N/A,471,,,,,
#N/A,#N/A,37630,25,1,12,4,8
#N/A,#N/A,,,,,,
Guernsey County,Cambridge,10592,62,1,8,13,40
#N/A,#N/A,26450,6,2,1,3,
#N/A,#N/A,,,,,,
Hamilton County,Cincinnati,296204,2903,47,199,1726,931
#N/A,#N/A,29,,,,,
#N/A,#N/A,935,,,,,
#N/A,#N/A,3576,2,,,2,
#N/A,#N/A,742,2,,1,,1
Hamilton County,Blue Ash,12082,7,,,3,4
#N/A,#N/A,8352,9,,1,7,1
Hamilton County,Cleves,3225,1,,,,1
Hamilton County,Deer Park,5723,11,,1,2,8
#N/A,#N/A,29433,13,,3,6,4
#N/A,#N/A,2183,1,,,,1
#N/A,#N/A,2761,5,,,4,1
Hamilton County,Forest Park,18672,28,1,4,23,
#N/A,#N/A,2150,1,,,1,
Hamilton County,Greenhills,3605,1,,,,1
Hamilton County,Harrison,9870,8,,1,4,3
#N/A,#N/A,5771,,,,,
#N/A,#N/A,3279,24,1,4,12,7
#N/A,#N/A,3441,25,2,,16,7
#N/A,#N/A,9323,2,,1,,1
Hamilton County,Madeira,8704,,,,,
#N/A,#N/A,3393,,,,,
Hamilton County,Montgomery,10224,1,,,1,
#N/A,#N/A,6084,1,,1,,
#N/A,#N/A,2665,,,,,
#N/A,#N/A,9371,6,,,4,2
Hamilton County,Norwood,19158,64,1,9,43,11
#N/A,#N/A,11167,11,,5,5,1
#N/A,#N/A,4769,6,,,5,1
#N/A,#N/A,11194,41,,4,26,11
#N/A,#N/A,36225,47,1,3,28,15
#N/A,#N/A,3286,11,,1,4,6
#N/A,#N/A,8407,7,,,,7
#N/A,#N/A,,13,,1,4,8
#N/A,#N/A,58345,16,,,,16
#N/A,#N/A,,,,,,
#N/A,#N/A,163708,275,4,54,136,81
#N/A,#N/A,,1,,1,,
#N/A,#N/A,,,,,,
#N/A,#N/A,175,,,,,
Hancock County,Findlay,41348,77,,19,20,38
Hancock County,McComb,1655,,,,,
#N/A,#N/A,2942,4,,1,1,2
#N/A,#N/A,28931,4,,1,,3
#N/A,#N/A,,,,,,
#N/A,#N/A,5947,6,,3,1,2
#N/A,#N/A,8251,6,,1,4,1
#N/A,#N/A,1458,1,,,1,
#N/A,#N/A,16362,4,,,,4
#N/A,#N/A,,,,,,
#N/A,#N/A,3349,6,,2,,4
#N/A,#N/A,692,,,,,
#N/A,#N/A,11368,4,,3,1,
#N/A,#N/A,,,,,,
#N/A,#N/A,8701,14,1,6,3,4
#N/A,#N/A,1788,,,,,
#N/A,#N/A,15560,12,1,6,,5
#N/A,#N/A,,,,,,
Highland County,Greenfield,4623,7,,1,4,2
Highland County,Hillsboro,6585,4,,3,1,
Highland County,Leesburg,1313,,,,,
Highland County,Lynchburg,29165,44,,3,,41
#N/A,#N/A,,,,,,
#N/A,#N/A,15,,,,,
Hocking County,Logan,7155,10,,3,6,1
#N/A,#N/A,22222,9,3,2,,4
#N/A,#N/A,,,,,,
#N/A,#N/A,54,,,,,
#N/A,#N/A,3052,3,,2,,1
#N/A,#N/A,39218,4,,2,2,
#N/A,#N/A,,,,,,
#N/A,#N/A,362,,,,,
#N/A,#N/A,2455,3,,1,,2
#N/A,#N/A,16976,6,,2,3,1
#N/A,#N/A,6224,,,,,
#N/A,#N/A,1473,,,,,
#N/A,#N/A,1397,1,,,,1
#N/A,#N/A,1044,,,,,
#N/A,#N/A,907,,,,,
#N/A,#N/A,24988,4,,,2,2
#N/A,#N/A,,,,,,
#N/A,#N/A,6390,1,,,,1
#N/A,#N/A,5657,8,,,2,6
#N/A,#N/A,1551,4,1,,1,2
#N/A,#N/A,19586,,,,,
#N/A,#N/A,,,,,,
#N/A,#N/A,,,,,,
#N/A,#N/A,3409,11,,1,,10
#N/A,#N/A,5024,3,,,,3
Jefferson County,Wintersville,3875,6,,,1,5
#N/A,#N/A,658,,,,,
#N/A,#N/A,1336,,,,,
#N/A,#N/A,2799,1,,1,,
#N/A,#N/A,24070,9,,1,4,4
#N/A,#N/A,,,,,,
Knox County,Mount Vernon,17086,19,,1,4,14
#N/A,#N/A,1051,3,,1,1,1
Knox County,Fredericktown,2508,2,,2,,
#N/A,#N/A,16,,,,,
#N/A,#N/A,40610,12,1,2,2,7
#N/A,#N/A,,,,,,
Lake County,Eastlake,18564,23,,1,13,9
#N/A,#N/A,3107,7,,2,2,3
#N/A,#N/A,646,,,,,
Lake County,Madison,3182,,,,,
Lake County,Mentor,47123,53,,15,27,11
#N/A,#N/A,7439,4,,,,4
Lake County,Painesville,19548,53,,12,29,12
#N/A,#N/A,471,,,,,
Lake County,Wickliffe,12741,5,,,,5
Lake County,Willoughby,22251,20,,3,14,3
#N/A,#N/A,9477,5,1,,1,3
#N/A,#N/A,14160,4,,,4,
#N/A,#N/A,15688,22,,,,22
#N/A,#N/A,,,,,,
#N/A,#N/A,6860,,,,,
#N/A,#N/A,47047,208,,21,5,182
#N/A,#N/A,,1,,,1,
#N/A,#N/A,,,,,,
#N/A,#N/A,11134,,,,,
#N/A,#N/A,3961,7,,2,1,4
#N/A,#N/A,44257,86,1,8,11,66
#N/A,#N/A,,,,,,
#N/A,#N/A,8866,21,,2,14,5
#N/A,#N/A,26,,,,,
#N/A,#N/A,47787,71,,20,33,18
Licking County,Granville,5662,2,,1,,1
#N/A,#N/A,10356,21,,8,4,9
Licking County,Hebron,2347,2,,2,,
Licking County,Johnstown,4653,3,,,1,2
#N/A,#N/A,526,,,,,
#N/A,#N/A,15030,3,,3,,
#N/A,#N/A,2126,3,,,1,2
#N/A,#N/A,,,,,,
#N/A,#N/A,62877,407,,51,13,343
#N/A,#N/A,,,,,,
Logan County,Bellefontaine,13321,33,,12,6,15
Logan County,Russells Point,1386,2,,2,,
Logan County,De Graff,1281,,,,,
#N/A,#N/A,1798,3,,2,1,
#N/A,#N/A,25691,10,,4,,6
#N/A,#N/A,,,,,,
Lorain County,Elyria,54578,,,,,
Lorain County,Vermilion,5847,5,,,3,2
Lorain County,Amherst,12030,4,,,3,1
Lorain County,Lorain,64148,326,4,35,136,151
Lorain County,Oberlin,8291,13,,4,7,2
Lorain County,North Ridgeville,29490,16,,3,4,9
Lorain County,Sheffield Lake,9144,2,,1,1,
Lorain County,Wellington,4806,,,,,
#N/A,#N/A,67103,33,1,8,17,7
#N/A,#N/A,,,,,,
#N/A,#N/A,,,,,,
#N/A,#N/A,286020,3352,39,172,1126,2015
#N/A,#N/A,110,,,,,
#N/A,#N/A,14226,12,,4,2,6
#N/A,#N/A,20205,34,1,1,11,21
#N/A,#N/A,4499,6,,1,,5
#N/A,#N/A,29397,27,,,19,8
#N/A,#N/A,1758,6,,,4,2
#N/A,#N/A,5500,,,,,
#N/A,#N/A,,5,,1,4,
#N/A,#N/A,,1,,,1,
#N/A,#N/A,53354,82,,4,22,56
#N/A,#N/A,,,,,,
Madison County,London,9895,15,,1,6,8
Madison County,West Jefferson,4217,7,1,,2,4
#N/A,#N/A,3393,,,,,
#N/A,#N/A,25539,13,,3,2,8
#N/A,#N/A,,,,,,
Mahoning County,Boardman,40608,43,1,6,31,5
Mahoning County,Youngstown,66556,685,22,39,244,380
#N/A,#N/A,4,,,,,
#N/A,#N/A,36478,63,,6,19,38
#N/A,#N/A,8178,10,1,1,3,5
Mahoning County,Canfield,7464,2,1,1,,
#N/A,#N/A,1148,,,,,
#N/A,#N/A,2537,,,,,
#N/A,#N/A,4391,2,,1,,1
Mahoning County,Struthers,10639,4,,1,3,
Mahoning County,New Middletown,1610,,,,,
#N/A,#N/A,6667,1,,,1,
#N/A,#N/A,,1,,,1,
#N/A,#N/A,4441,6,,1,1,4
#N/A,#N/A,6660,2,,,,2
#N/A,#N/A,3221,11,,1,,10
#N/A,#N/A,,1,,,1,
#N/A,#N/A,2562,1,,,1,
#N/A,#N/A,2100,1,,,1,
#N/A,#N/A,12327,4,,,1,3
#N/A,#N/A,1382,,,,,
#N/A,#N/A,40,,,,,
#N/A,#N/A,16061,7,,2,2,3
#N/A,#N/A,,,,,,
#N/A,#N/A,36687,100,2,14,51,33
#N/A,#N/A,,,,,,
#N/A,#N/A,29521,34,,6,20,8
#N/A,#N/A,,,,,,
Medina County,Brunswick,34439,84,,,8,76
Medina County,Medina,26820,15,2,3,2,8
Medina County,Wadsworth,21682,11,,6,,5
Medina County,Lodi,2760,11,,2,1,8
Medina County,Seville,2307,4,,1,1,2
Medina County,Spencer,758,,,,,
Medina County,Hinckley,7688,1,,,1,
#N/A,#N/A,11244,5,1,2,1,1
#N/A,#N/A,8582,2,,2,,
#N/A,#N/A,9950,1,,1,,
#N/A,#N/A,117,,,,,
#N/A,#N/A,98,,,,,
#N/A,#N/A,45684,,,,,
#N/A,#N/A,,,,,,
#N/A,#N/A,2519,2,,,,2
#N/A,#N/A,1845,1,,1,,
#N/A,#N/A,823,,,,,
#N/A,#N/A,17427,16,1,5,5,5
#N/A,#N/A,,,,,,
Mercer County,Celina,10405,9,,6,,3
Mercer County,Coldwater,4430,,,,,
Mercer County,Fort Recovery,1429,1,,,,1
Mercer County,Rockford,1121,,,,,
Mercer County,Saint Henry,2428,,,,,
#N/A,#N/A,21022,10,1,3,1,5
#N/A,#N/A,,,,,,
Miami County,Piqua,20591,24,1,7,13,3
Miami County,Tipp City,9720,6,,1,4,1
Miami County,Troy,25141,17,,3,13,1
Miami County,Covington,2593,,,,,
#N/A,#N/A,962,,,,,
#N/A,#N/A,24,,,,,
#N/A,#N/A,43820,17,,6,5,6
#N/A,#N/A,,,,,,
#N/A,#N/A,12209,4,,2,,2
#N/A,#N/A,,,,,,
Montgomery County,Dayton,142139,1401,26,116,638,621
Montgomery County,Centerville,24105,19,,2,5,12
Montgomery County,Germantown,5574,5,,2,,3
Montgomery County,Kettering,55952,50,,22,20,8
#N/A,#N/A,29265,40,2,9,21,8
Montgomery County,Miamisburg,20273,32,,7,11,14
Montgomery County,Moraine,6336,29,,5,16,8
Montgomery County,Clayton,13268,9,,2,5,2
Montgomery County,Trotwood,24540,76,1,16,48,11
Montgomery County,Vandalia,15316,21,,4,5,12
Montgomery County,Huber Heights,37314,32,,4,11,17
Montgomery County,West Carrollton,13203,25,,7,10,8
Montgomery County,Brookville,5910,11,,3,2,6
Montgomery County,Englewood,13526,9,,2,5,2
Montgomery County,New Lebanon,4013,6,,4,,2
#N/A,#N/A,25317,46,1,5,14,26
#N/A,#N/A,6424,2,,2,,
#N/A,#N/A,7904,14,,1,11,2
#N/A,#N/A,2895,1,,1,,
#N/A,#N/A,3713,2,,1,1,
#N/A,#N/A,3372,,,,,
#N/A,#N/A,,,,,,
#N/A,#N/A,206,,,,,
#N/A,#N/A,1225,,,,,
#N/A,#N/A,66534,298,2,35,110,151
#N/A,#N/A,,,,,,
#N/A,#N/A,1781,2,,1,,1
#N/A,#N/A,13252,4,,,,4
#N/A,#N/A,,,,,,
#N/A,#N/A,3662,1,,,1,
#N/A,#N/A,2047,5,2,2,,1
#N/A,#N/A,437,1,,1,,
#N/A,#N/A,28707,16,,3,3,10
#N/A,#N/A,,,,,,
Muskingum County,Zanesville,25529,104,2,9,41,52
Muskingum County,Frazeysburg,1329,,,,,
Muskingum County,New Concord,2494,,,,,
#N/A,#N/A,756,,,,,
#N/A,#N/A,1993,,,,,
#N/A,#N/A,,1,,1,,
#N/A,#N/A,52598,53,1,22,12,18
#N/A,#N/A,,,,,,
Ottawa County,Oak Harbor,2758,1,,,1,
Ottawa County,Port Clinton,6050,5,,,2,3
Ottawa County,Genoa,2335,2,,,,2
Ottawa County,Marblehead,902,,,,,
#N/A,#N/A,417,,,,,
#N/A,#N/A,2720,,,,,
#N/A,#N/A,22340,3,,1,2,
#N/A,#N/A,,,,,,
Paulding County,Paulding,3568,2,,1,1,
Paulding County,Oakwood,605,,,,,
#N/A,#N/A,1181,,,,,
#N/A,#N/A,13668,8,,2,,6
#N/A,#N/A,,,,,,
#N/A,#N/A,1105,2,,1,,1
Perry County,Crooksville,2551,,,,,
Perry County,New Lexington,4791,5,,,,5
#N/A,#N/A,726,,,,,
#N/A,#N/A,824,,,,,
Perry County,Somerset,1490,1,,,1,
Perry County,Thornville,1002,,,,,
#N/A,#N/A,23152,,,,,
#N/A,#N/A,,,,,,
Pickaway County,Circleville,13388,31,1,6,14,10
Pickaway County,Ashville,4120,1,,,,1
Pickaway County,Commercial Point,1590,2,,,,2
#N/A,#N/A,1754,,,,,
#N/A,#N/A,35134,28,,5,5,18
#N/A,#N/A,,,,,,
#N/A,#N/A,4395,2,,,2,
#N/A,#N/A,24231,15,3,3,3,6
#N/A,#N/A,,,,,,
Portage County,Aurora,15567,7,,2,2,3
Portage County,Kent,28933,62,,7,18,37
Portage County,Hiram,1407,,,,,
#N/A,#N/A,,3,,,3,
Portage County,Streetsboro,16049,5,,,,5
#N/A,#N/A,10390,14,,5,4,5
#N/A,#N/A,,,,,,
#N/A,#N/A,279,,,,,
#N/A,#N/A,73566,41,,2,21,18
#N/A,#N/A,,,,,,
Preble County,Eaton,8369,17,,3,1,13
#N/A,#N/A,877,,,,,
#N/A,#N/A,1623,,,,,
Preble County,West Alexandria,1352,3,,1,,2
#N/A,#N/A,27627,18,2,3,,13
#N/A,#N/A,,,,,,
Putnam County,Ottawa,4438,1,,1,,
#N/A,#N/A,183,,,,,
Putnam County,Leipsic,2081,,,,,
#N/A,#N/A,1532,,,,,
#N/A,#N/A,142,,,,,
#N/A,#N/A,23800,10,1,4,1,4
#N/A,#N/A,,,,,,
Richland County,Mansfield,47480,178,1,27,93,57
#N/A,#N/A,18,,,,,
#N/A,#N/A,6175,12,,,6,6
Richland County,Plymouth,940,,,,,
Richland County,Shelby,9241,12,,6,3,3
Richland County,Bellville,1903,,,,,
#N/A,#N/A,4784,5,,4,1,
#N/A,#N/A,,,,,,
#N/A,#N/A,52031,34,2,8,12,12
#N/A,#N/A,,,,,,
Ross County,Chillicothe,21954,101,,11,26,64
#N/A,#N/A,56290,47,,13,9,25
#N/A,#N/A,,,,,,
Sandusky County,Clyde,6303,3,,1,1,1
Sandusky County,Fremont,16676,27,,1,12,14
Sandusky County,Gibsonburg,2572,8,,1,1,6
#N/A,#N/A,27805,66,,2,2,62
#N/A,#N/A,,,,,,
#N/A,#N/A,,,,,,
#N/A,#N/A,2266,2,,,2,
#N/A,#N/A,20170,91,,11,40,40
#N/A,#N/A,,2,,,,2
#N/A,#N/A,56836,12,,4,7,1
#N/A,#N/A,,,,,,
#N/A,#N/A,9422,14,,2,4,8
Seneca County,Bloomville,951,,,,,
#N/A,#N/A,26136,1,,1,,
#N/A,#N/A,,,,,,
Shelby County,Sidney,21177,66,,8,17,41
Shelby County,Jackson Center,1460,,,,,
#N/A,#N/A,638,,,,,
#N/A,#N/A,24185,5,,2,,3
#N/A,#N/A,,,,,,
Stark County,Canton,72914,729,10,64,414,241
Stark County,Massillon,32104,68,,16,31,21
Stark County,Alliance,22253,96,2,17,31,46
Stark County,Brewster,2108,1,,,,1
Stark County,Canal Fulton,5472,3,,,,3
Stark County,East Canton,1588,2,,,1,1
Stark County,Hartville,2941,1,,,,1
Stark County,Louisville,9173,5,,,1,4
Stark County,Minerva,1939,2,,1,,1
Stark County,Navarre,1954,2,,2,,
Stark County,North Canton,17464,16,,1,7,8
Stark County,Beach City,1031,,,,,
Stark County,Waynesburg,921,,,,,
#N/A,#N/A,303,,,,,
#N/A,#N/A,8210,8,,2,,6
#N/A,#N/A,28262,45,1,5,16,23
#N/A,#N/A,40317,56,,5,27,24
#N/A,#N/A,3311,,,,,
Stark County,Magnolia,711,,,,,
#N/A,#N/A,117736,93,,12,54,27
#N/A,#N/A,,,,,,
Summit County,Akron,198390,1777,25,173,580,999
Summit County,Barberton,26453,55,,14,23,18
Summit County,Cuyahoga Falls,49470,65,,17,13,35
Summit County,Hudson,22181,2,,,2,
#N/A,#N/A,12035,9,,2,2,5
Summit County,Stow,34709,26,,15,8,3
Summit County,Tallmadge,17193,18,,13,,5
Summit County,Twinsburg,18726,10,,4,2,4
Summit County,Munroe Falls,4994,,,,,
Summit County,Peninsula,562,,,,,
#N/A,#N/A,3391,1,,,,1
#N/A,#N/A,9667,6,,3,2,1
#N/A,#N/A,17646,25,1,3,11,10
Summit County,Richfield,3634,,,,,
#N/A,#N/A,,4,,,4,
Summit County,New Franklin,14174,3,1,,,2
#N/A,#N/A,10906,2,,,1,1
#N/A,#N/A,52074,29,,11,8,10
#N/A,#N/A,,,,,,
#N/A,#N/A,11,,,,,
Trumbull County,Warren,41355,280,4,16,102,158
Trumbull County,Girard,9906,19,,3,6,10
Trumbull County,Hubbard,7834,17,,1,7,9
#N/A,#N/A,12002,24,,2,9,13
Trumbull County,Niles,19167,46,,4,25,17
Trumbull County,Cortland,7069,,,,,
#N/A,#N/A,17239,12,,2,5,5
Trumbull County,Brookfield Center,8809,14,,2,3,9
Trumbull County,Lordstown,3400,1,,,,1
#N/A,#N/A,5844,8,,,2,6
#N/A,#N/A,5624,1,,,1,
#N/A,#N/A,9564,1,,,,1
#N/A,#N/A,2060,,,,,
#N/A,#N/A,5523,4,,1,1,2
#N/A,#N/A,8357,17,,4,4,9
#N/A,#N/A,2842,,,,,
Trumbull County,Vienna Center,3959,3,,1,,2
#N/A,#N/A,31334,26,1,5,1,19
#N/A,#N/A,,,,,,
Tuscarawas County,Dennison,2654,,,,,
#N/A,#N/A,12815,3,,1,,2
#N/A,#N/A,3820,13,,4,1,8
#N/A,#N/A,17272,4,,,1,3
#N/A,#N/A,2217,,,,,
#N/A,#N/A,5408,7,,,4,3
#N/A,#N/A,1287,,,,,
#N/A,#N/A,752,,,,,
#N/A,#N/A,2607,1,,,1,
#N/A,#N/A,42036,7,1,2,1,3
#N/A,#N/A,,,,,,
#N/A,#N/A,2389,,,,,
Union County,Plain City,836,,,,,
Union County,Marysville,22287,1,,,1,
Union County,Richwood,2252,,,,,
#N/A,#N/A,24997,11,,6,,5
#N/A,#N/A,,,,,,
#N/A,#N/A,3146,2,,2,,
Van Wert County,Van Wert,10792,18,,2,1,15
#N/A,#N/A,14661,1,,,,1
#N/A,#N/A,,,,,,
#N/A,#N/A,1691,,,,,
#N/A,#N/A,11675,14,2,3,2,7
#N/A,#N/A,,,,,,
#N/A,#N/A,2731,21,,2,5,14
#N/A,#N/A,122,,,,,
#N/A,#N/A,800,,,,,
Warren County,Franklin,11895,34,,9,10,15
Warren County,Lebanon,20241,19,,12,3,4
Warren County,Mason,31037,12,,2,7,3
#N/A,#N/A,4761,1,,,,1
#N/A,#N/A,21033,12,,2,1,9
Warren County,Maineville,986,,,,,
Warren County,Springboro,16362,6,,3,,3
Warren County,Waynesville,2863,,,,,
#N/A,#N/A,14224,1,,,,1
#N/A,#N/A,87290,69,,7,18,44
#N/A,#N/A,,,,,,
Washington County,Belpre,6439,2,,1,,1
Washington County,Marietta,14079,11,,1,4,6
#N/A,#N/A,895,,,,,
Washington County,Beverly,1312,1,,1,,
#N/A,#N/A,,,,,,
#N/A,#N/A,38477,26,,9,,17
#N/A,#N/A,,,,,,
#N/A,#N/A,4,,,,,
Wayne County,Orrville,8386,12,,6,6,
Wayne County,Rittman,6380,4,,,,4
Wayne County,Wooster,26137,42,1,15,10,16
Wayne County,Creston,2073,,,,,
Wayne County,Marshallville,756,,,,,
Wayne County,Smithville,1252,,,,,
Wayne County,West Salem,1468,1,,1,,
#N/A,#N/A,,,,,,
#N/A,#N/A,61507,21,1,8,2,10
#N/A,#N/A,,,,,,
Williams County,Bryan,8533,,,,,
Williams County,Montpelier,4067,10,,1,1,8
Williams County,Edgerton,2010,,,,,
Williams County,Pioneer,1379,1,,1,,
#N/A,#N/A,19935,5,,4,,1
#N/A,#N/A,,,,,,
#N/A,#N/A,1046,1,,,,1
Wood County,Bowling Green,30219,71,1,17,14,39
Wood County,Perrysburg,20771,16,,3,2,11
Wood County,Rossford,6338,1,,1,,
Wood County,Bradner,991,,,,,
Wood County,Haskins,1196,,,,,
Wood County,Luckey,1019,,,,,
Wood County,Northwood,5304,8,,3,2,3
Wood County,Pemberville,1382,,,,,
#N/A,#N/A,610,,,,,
Wood County,Walbridge,3040,,,,,
Wood County,Wayne,893,,,,,
#N/A,#N/A,,4,,3,,1
#N/A,#N/A,8011,,,,,
#N/A,#N/A,28788,6,,2,,4
#N/A,#N/A,,,,,,
#N/A,#N/A,3687,,,,,
#N/A,#N/A,6619,2,,1,,1
#N/A,#N/A,863,,,,,
#N/A,#N/A,11522,5,,1,1,3
#N/A,#N/A,,,,,,
,,10987530,33412,477,3625,14905,14405
