,Unnamed: 0_x,County_x,City,AGENCY NAME_x,POPULATION_x,VIOLENT CRIME_x,PROPERTY CRIME_x,MURDER_x,RAPE_x,ROBBERY_x,AGGRAVATED ASSAULT_x,BURGLARY_x,LARCENY_x,MTR VEHICLE THEFT_x,ARSON_x,Unnamed: 0_y,County_y,ORI,AGENCY NAME_y,POPULATION_y,VIOLENT CRIME_y,PROPERTY CRIME_y,MURDER_y,RAPE_y,ROBBERY_y,AGGRAVATED ASSAULT_y,BURGLARY_y,LARCENY_y,MTR VEHICLE THEFT_y,ARSON_y
0,9.0,ALLEN COUNTY,Lima,LIMA,"37,715",356,"2,259",8.0,44.0,123,181,602,"1,540",117,22.0,7.0,ALLEN COUNTY,OH00204,LIMA,"37,220",275,"1,982",5.0,52.0,81,137,569,"1,334",79,20.0
1,10.0,ALLEN COUNTY,Bluffton,BLUFFTON,"3,953",1,78,0.0,0.0,1,0,15,59,4,0.0,8.0,ALLEN COUNTY,OH00201,BLUFFTON,"3,987",1,46,0.0,1.0,0,0,9,36,1,0.0
2,10.0,ALLEN COUNTY,Bluffton,BLUFFTON,"3,953",1,78,0.0,0.0,1,0,15,59,4,0.0,293.0,ALLEN COUNTY,OH00201,BLUFFTON,170,0,2,0.0,0.0,0,0,0,2,0,0.0
3,11.0,ALLEN COUNTY,Delphos,DELPHOS,"3,884",2,83,0.0,1.0,0,1,13,69,1,0.0,9.0,ALLEN COUNTY,OH00202,DELPHOS,"3,927",3,90,0.0,3.0,0,0,17,72,1,0.0
4,11.0,ALLEN COUNTY,Delphos,DELPHOS,"3,884",2,83,0.0,1.0,0,1,13,69,1,0.0,636.0,ALLEN COUNTY,OH00202,DELPHOS,"3,052",3,69,0.0,3.0,0,0,13,56,0,0.0
5,12.0,ALLEN COUNTY,Spencerville,SPENCERVILLE,"2,195",1,28,0.0,0.0,0,1,5,23,0,1.0,10.0,ALLEN COUNTY,OH00205,SPENCERVILLE,"2,184",0,14,0.0,0.0,0,0,5,9,0,0.0
6,13.0,ALLEN COUNTY,Elida,ELIDA,"1,852",0,16,0.0,0.0,0,0,3,12,1,0.0,11.0,ALLEN COUNTY,OH00207,ELIDA,"1,836",1,4,0.0,0.0,0,1,1,3,0,0.0
7,18.0,ASHLAND COUNTY,Ashland,ASHLAND,"20,278",24,405,2.0,14.0,1,7,73,325,7,1.0,16.0,ASHLAND COUNTY,OH00301,ASHLAND,"20,485",25,375,0.0,7.0,4,14,44,326,5,0.0
8,18.0,ASHLAND COUNTY,Ashland,ASHLAND,"20,278",24,405,2.0,14.0,1,7,73,325,7,1.0,18.0,ASHLAND COUNTY,OH00300,ASHLAND,"29,919",35,204,0.0,20.0,0,15,50,137,17,1.0
9,20.0,ASHLAND COUNTY,Ashland,ASHLAND COUNTY SHERIFF,"29,425",31,190,1.0,15.0,4,11,63,116,11,0.0,16.0,ASHLAND COUNTY,OH00301,ASHLAND,"20,485",25,375,0.0,7.0,4,14,44,326,5,0.0
10,20.0,ASHLAND COUNTY,Ashland,ASHLAND COUNTY SHERIFF,"29,425",31,190,1.0,15.0,4,11,63,116,11,0.0,18.0,ASHLAND COUNTY,OH00300,ASHLAND,"29,919",35,204,0.0,20.0,0,15,50,137,17,1.0
11,19.0,ASHLAND COUNTY,Loudonville,LOUDONVILLE,"2,561",14,46,0.0,7.0,0,7,4,41,1,0.0,17.0,ASHLAND COUNTY,OH00302,LOUDONVILLE,"2,581",3,66,1.0,1.0,1,0,6,59,1,1.0
12,19.0,ASHLAND COUNTY,Loudonville,LOUDONVILLE,"2,561",14,46,0.0,7.0,0,7,4,41,1,0.0,313.0,ASHLAND COUNTY,OH00302,LOUDONVILLE,61,0,1,0.0,0.0,0,0,0,1,0,0.0
13,21.0,ASHTABULA COUNTY,Geneva,GENEVA-ON-THE-LAKE,"1,207",7,27,1.0,2.0,0,4,9,17,1,0.0,19.0,ASHTABULA COUNTY,OH00405,GENEVA-ON-THE-LAKE,"1,199",7,33,0.0,3.0,1,3,7,24,2,0.0
14,22.0,ASHTABULA COUNTY,Roaming Shores,ROAMING SHORES VILLAGE,"1,471",0,2,0.0,0.0,0,0,0,2,0,0.0,20.0,ASHTABULA COUNTY,OH00410,ROAMING SHORES VILLAGE,"1,466",0,1,0.0,0.0,0,0,1,0,0,0.0
15,23.0,ASHTABULA COUNTY,Ashtabula,ASHTABULA COUNTY SHERIFF,"49,784",54,640,1.0,10.0,14,29,172,438,30,4.0,21.0,ASHTABULA COUNTY,OH00400,ASHTABULA COUNTY SHERIFF,"49,924",42,580,0.0,8.0,4,30,170,366,44,1.0
16,24.0,ATHENS COUNTY,Athens,ATHENS,"25,203",27,462,0.0,6.0,8,13,47,404,11,1.0,22.0,ATHENS COUNTY,OH00501,ATHENS,"25,526",34,433,0.0,4.0,6,24,44,370,19,5.0
17,24.0,ATHENS COUNTY,Athens,ATHENS,"25,203",27,462,0.0,6.0,8,13,47,404,11,1.0,28.0,ATHENS COUNTY,OH00500,ATHENS COUNTY SHERIFF,"31,510",20,391,1.0,9.0,4,6,118,255,18,1.0
18,29.0,ATHENS COUNTY,Athens,ATHENS COUNTY SHERIFF,"31,340",19,458,0.0,5.0,3,11,145,284,29,1.0,22.0,ATHENS COUNTY,OH00501,ATHENS,"25,526",34,433,0.0,4.0,6,24,44,370,19,5.0
19,29.0,ATHENS COUNTY,Athens,ATHENS COUNTY SHERIFF,"31,340",19,458,0.0,5.0,3,11,145,284,29,1.0,28.0,ATHENS COUNTY,OH00500,ATHENS COUNTY SHERIFF,"31,510",20,391,1.0,9.0,4,6,118,255,18,1.0
20,25.0,ATHENS COUNTY,Glouster,GLOUSTER,"1,798",3,39,0.0,2.0,0,1,15,23,1,2.0,23.0,ATHENS COUNTY,OH00502,GLOUSTER,"1,793",3,33,0.0,1.0,0,2,9,23,1,0.0
21,26.0,ATHENS COUNTY,Nelsonville,NELSONVILLE,"5,159",11,195,0.0,1.0,7,3,34,148,13,1.0,24.0,ATHENS COUNTY,OH00503,NELSONVILLE,"5,284",13,152,0.0,2.0,4,7,32,114,6,0.0
22,27.0,ATHENS COUNTY,Albany,ALBANY,918,0,20,0.0,0.0,0,0,6,13,1,0.0,25.0,ATHENS COUNTY,OH00504,ALBANY,899,0,11,0.0,0.0,0,0,1,10,0,0.0
23,30.0,AUGLAIZE COUNTY,Saint Marys,ST. MARYS,"8,256",5,130,0.0,0.0,2,3,29,98,3,1.0,29.0,AUGLAIZE COUNTY,OH00601,ST. MARYS,"8,215",3,129,0.0,0.0,1,2,34,89,6,2.0
24,31.0,AUGLAIZE COUNTY,Wapakoneta,WAPAKONETA,"9,815",10,144,0.0,3.0,0,7,20,121,3,0.0,30.0,AUGLAIZE COUNTY,OH00602,WAPAKONETA,"9,809",14,164,0.0,6.0,3,5,25,137,2,1.0
25,32.0,AUGLAIZE COUNTY,Minster,MINSTER,"2,853",0,9,0.0,0.0,0,0,2,5,2,0.0,31.0,AUGLAIZE COUNTY,OH00605,MINSTER,"2,866",0,0,0.0,0.0,0,0,0,0,0,0.0
26,33.0,AUGLAIZE COUNTY,New Bremen,NEW BREMEN,"2,961",0,16,0.0,0.0,0,0,1,15,0,0.0,32.0,AUGLAIZE COUNTY,OH00606,NEW BREMEN,"2,966",0,20,0.0,0.0,0,0,1,19,0,0.0
27,34.0,AUGLAIZE COUNTY,New Knoxville,NEW KNOXVILLE,865,0,5,0.0,0.0,0,0,1,4,0,0.0,33.0,AUGLAIZE COUNTY,OH00607,NEW KNOXVILLE,864,0,5,0.0,0.0,0,0,0,5,0,0.0
28,36.0,BELMONT COUNTY,Barnesville,BARNESVILLE,"4,112",1,14,0.0,0.0,0,1,6,8,0,0.0,35.0,BELMONT COUNTY,OH00701,BARNESVILLE,"4,096",0,16,0.0,0.0,0,0,4,11,1,0.0
29,39.0,BELMONT COUNTY,Martins Ferry,MARTINS FERRY,"6,761",12,110,0.0,2.0,0,10,33,72,5,0.0,38.0,BELMONT COUNTY,OH00704,MARTINS FERRY,"6,731",13,70,0.0,6.0,0,7,12,52,6,0.0
30,40.0,BELMONT COUNTY,Powhatan Point,POWHATAN POINT,"1,569",1,1,0.0,0.0,0,1,0,1,0,0.0,39.0,BELMONT COUNTY,OH00705,POWHATAN POINT,"1,562",0,3,0.0,0.0,0,0,1,2,0,0.0
31,42.0,BELMONT COUNTY,Saint Clairsville,ST. CLAIRSVILLE,"5,090",4,9,0.0,0.0,0,4,1,8,0,0.0,41.0,BELMONT COUNTY,OH00707,ST. CLAIRSVILLE,"5,096",1,9,0.0,0.0,0,1,1,8,0,0.0
32,43.0,BELMONT COUNTY,Flushing,FLUSHING,860,0,2,0.0,0.0,0,0,0,2,0,0.0,42.0,BELMONT COUNTY,OH00711,FLUSHING,858,0,3,0.0,0.0,0,0,0,3,0,0.0
33,44.0,BELMONT COUNTY,Bethesda,BETHESDA,"1,243",0,0,0.0,0.0,0,0,0,0,0,0.0,,,,,,,,,,,,,,,
34,53.0,BUTLER COUNTY,Fairfield,FAIRFIELD,"42,810",110,"1,045",1.0,17.0,21,71,144,866,35,2.0,52.0,BUTLER COUNTY,OH00901,FAIRFIELD,"42,627",90,932,1.0,11.0,12,66,99,782,51,2.0
35,53.0,BUTLER COUNTY,Fairfield,FAIRFIELD,"42,810",110,"1,045",1.0,17.0,21,71,144,866,35,2.0,194.0,BUTLER COUNTY,OH02300,FAIRFIELD,"75,853",38,962,0.0,15.0,6,17,153,793,16,2.0
36,54.0,BUTLER COUNTY,Hamilton,HAMILTON,"62,423",320,"3,316",9.0,64.0,131,116,942,"2,365",9,26.0,53.0,BUTLER COUNTY,OH00902,HAMILTON,"62,094",312,"2,608",3.0,75.0,111,123,716,"1,890",2,33.0
37,55.0,BUTLER COUNTY,Middletown,MIDDLETOWN,"46,067",242,"3,115",5.0,41.0,67,129,735,"2,253",127,0.0,54.0,BUTLER COUNTY,OH00903,MIDDLETOWN,"46,069",235,"2,788",5.0,39.0,82,109,645,"1,973",170,0.0
38,55.0,BUTLER COUNTY,Middletown,MIDDLETOWN,"46,067",242,"3,115",5.0,41.0,67,129,735,"2,253",127,0.0,641.0,BUTLER COUNTY,OH00903,MIDDLETOWN,"2,759",14,168,0.0,2.0,5,7,39,119,10,0.0
39,56.0,BUTLER COUNTY,Monroe,MONROE,"15,789",24,432,0.0,3.0,3,18,26,402,4,1.0,,,,,,,,,,,,,,,
40,58.0,BUTLER COUNTY,Oxford,OXFORD,"22,197",23,270,1.0,3.0,4,15,53,206,11,2.0,57.0,BUTLER COUNTY,OH00907,OXFORD,"22,459",18,488,0.0,5.0,7,6,82,400,6,2.0
41,58.0,BUTLER COUNTY,Oxford,OXFORD,"22,197",23,270,1.0,3.0,4,15,53,206,11,2.0,58.0,BUTLER COUNTY,OH00913,OXFORD TOWNSHIP,"2,181",2,25,0.0,0.0,0,2,4,16,5,0.0
42,60.0,BUTLER COUNTY,West Chester,WEST CHESTER TOWNSHIP,"61,080",43,"1,340",0.0,15.0,14,14,155,"1,161",24,4.0,59.0,BUTLER COUNTY,OH00915,WEST CHESTER TOWNSHIP,"61,386",64,"1,300",0.0,21.0,15,28,170,"1,086",44,5.0
43,72.0,CLARK COUNTY,Springfield,SPRINGFIELD,"59,503",411,"4,040",5.0,34.0,184,188,963,"2,817",260,58.0,71.0,CLARK COUNTY,OH01202,SPRINGFIELD,"58,843",370,"4,024",9.0,25.0,177,159,"1,040","2,691",293,76.0
44,73.0,CLARK COUNTY,Enon,ENON,"2,389",0,2,0.0,0.0,0,0,1,1,0,0.0,72.0,CLARK COUNTY,OH01206,ENON,"2,381",0,2,0.0,0.0,0,0,1,0,1,0.0
45,74.0,CLARK COUNTY,South Charleston,SOUTH CHARLESTON,"1,655",2,23,0.0,0.0,0,2,3,18,2,0.0,73.0,CLARK COUNTY,OH01209,SOUTH CHARLESTON,"1,640",2,37,0.0,0.0,0,2,5,28,4,0.0
46,75.0,CLARK COUNTY,South Vienna,SOUTH VIENNA,378,1,14,0.0,0.0,0,1,1,12,1,0.0,75.0,CLARK COUNTY,OH01211,SOUTH VIENNA,375,0,8,0.0,0.0,0,0,1,4,3,0.0
47,77.0,CLERMONT COUNTY,Batavia,BATAVIA,"1,654",6,55,0.0,1.0,2,3,11,42,2,2.0,77.0,CLERMONT COUNTY,OH01301,BATAVIA,"1,656",0,57,0.0,0.0,0,0,7,46,4,0.0
48,78.0,CLERMONT COUNTY,Bethel,BETHEL,"2,782",6,95,0.0,1.0,0,5,9,84,2,0.0,78.0,CLERMONT COUNTY,OH01302,BETHEL,"2,791",3,87,0.0,0.0,0,3,14,71,2,0.0
49,79.0,CLERMONT COUNTY,Milford,MILFORD,"6,881",9,230,0.0,1.0,5,3,25,201,4,0.0,79.0,CLERMONT COUNTY,OH01303,MILFORD,"6,910",14,191,0.0,4.0,1,9,22,158,11,0.0
50,79.0,CLERMONT COUNTY,Milford,MILFORD,"6,881",9,230,0.0,1.0,5,3,25,201,4,0.0,258.0,CLERMONT COUNTY,OH01303,MILFORD,29,0,1,0.0,0.0,0,0,0,1,0,0.0
51,80.0,CLERMONT COUNTY,Amelia,AMELIA,"4,957",0,25,0.0,0.0,0,0,5,20,0,0.0,80.0,CLERMONT COUNTY,OH01304,AMELIA,"4,982",3,63,0.0,0.0,0,3,2,58,3,0.0
52,81.0,CLERMONT COUNTY,Felicity,FELICITY,830,2,42,0.0,0.0,0,2,6,36,0,0.0,81.0,CLERMONT COUNTY,OH01306,FELICITY,825,3,31,0.0,1.0,0,2,4,26,1,0.0
53,82.0,CLERMONT COUNTY,New Richmond,NEW RICHMOND,"2,651",12,74,0.0,3.0,2,7,22,47,5,1.0,82.0,CLERMONT COUNTY,OH01310,NEW RICHMOND,"2,663",6,61,0.0,0.0,0,6,13,45,3,0.0
54,85.0,CLERMONT COUNTY,Williamsburg,WILLIAMSBURG,"2,560",3,63,0.0,0.0,1,2,9,54,0,0.0,85.0,CLERMONT COUNTY,OH01313,WILLIAMSBURG,"2,565",4,58,0.0,1.0,0,3,11,45,2,1.0
55,86.0,CLERMONT COUNTY,Goshen,GOSHEN TOWNSHIP,"15,787",6,166,0.0,3.0,1,2,33,126,7,1.0,86.0,CLERMONT COUNTY,OH01314,GOSHEN TOWNSHIP,"15,860",7,165,0.0,5.0,1,1,32,118,15,1.0
56,86.0,CLERMONT COUNTY,Goshen,GOSHEN TOWNSHIP,"15,787",6,166,0.0,3.0,1,2,33,126,7,1.0,416.0,CLERMONT COUNTY,OH05018,GOSHEN TOWNSHIP,"3,072",3,55,0.0,2.0,0,1,6,44,5,1.0
57,90.0,CLERMONT COUNTY,Loveland,LOVELAND,"2,036",0,21,0.0,0.0,0,0,3,16,2,0.0,90.0,CLERMONT COUNTY,OH03120,LOVELAND,"2,070",2,18,0.0,1.0,0,1,4,13,1,0.0
58,90.0,CLERMONT COUNTY,Loveland,LOVELAND,"2,036",0,21,0.0,0.0,0,0,3,16,2,0.0,275.0,CLERMONT COUNTY,OH03120,LOVELAND,"9,953",10,86,0.0,5.0,1,4,19,61,6,1.0
59,90.0,CLERMONT COUNTY,Loveland,LOVELAND,"2,036",0,21,0.0,0.0,0,0,3,16,2,0.0,643.0,CLERMONT COUNTY,OH03120,LOVELAND,823,0,7,0.0,0.0,0,0,2,5,0,0.0
60,92.0,CLINTON COUNTY,Blanchester,BLANCHESTER,"4,249",6,75,1.0,0.0,1,4,6,65,4,1.0,92.0,CLINTON COUNTY,OH01401,BLANCHESTER,"4,261",12,99,0.0,6.0,2,4,23,71,5,0.0
61,93.0,CLINTON COUNTY,New Vienna,NEW VIENNA,"1,199",0,5,0.0,0.0,0,0,0,5,0,0.0,93.0,CLINTON COUNTY,OH01402,NEW VIENNA,"1,201",0,13,0.0,0.0,0,0,3,7,3,0.0
62,94.0,CLINTON COUNTY,Sabina,SABINA,"2,530",2,63,0.0,1.0,0,1,14,46,3,0.0,94.0,CLINTON COUNTY,OH01403,SABINA,"2,534",3,52,0.0,2.0,0,1,15,37,0,1.0
63,95.0,CLINTON COUNTY,Wilmington,WILMINGTON,"12,443",18,578,0.0,9.0,2,7,59,499,20,2.0,95.0,CLINTON COUNTY,OH01404,WILMINGTON,"12,416",23,645,0.0,3.0,8,12,72,562,11,0.0
64,98.0,COLUMBIANA COUNTY,Columbiana,COLUMBIANA,"5,604",3,79,0.0,2.0,0,1,20,59,0,2.0,98.0,COLUMBIANA COUNTY,OH01501,COLUMBIANA,"5,583",3,33,0.0,1.0,1,1,3,30,0,0.0
65,98.0,COLUMBIANA COUNTY,Columbiana,COLUMBIANA,"5,604",3,79,0.0,2.0,0,1,20,59,0,2.0,402.0,COLUMBIANA COUNTY,OH01501,COLUMBIANA,650,0,4,0.0,0.0,0,0,0,4,0,0.0
66,99.0,COLUMBIANA COUNTY,East Palestine,EAST PALESTINE,"4,548",6,62,0.0,1.0,2,3,21,39,2,0.0,99.0,COLUMBIANA COUNTY,OH01503,EAST PALESTINE,"4,503",11,82,0.0,2.0,1,8,22,58,2,1.0
67,100.0,COLUMBIANA COUNTY,Lisbon,LISBON,"2,709",0,39,0.0,0.0,0,0,5,33,1,0.0,100.0,COLUMBIANA COUNTY,OH01505,LISBON,"2,680",1,26,0.0,1.0,0,0,6,19,1,0.0
68,101.0,COLUMBIANA COUNTY,Salem,SALEM,"11,939",9,310,0.0,1.0,1,7,18,286,6,1.0,101.0,COLUMBIANA COUNTY,OH01506,SALEM,"11,883",21,348,0.0,4.0,1,16,20,324,4,1.0
69,101.0,COLUMBIANA COUNTY,Salem,SALEM,"11,939",9,310,0.0,1.0,1,7,18,286,6,1.0,403.0,COLUMBIANA COUNTY,OH01506,SALEM,4,0,0,0.0,0.0,0,0,0,0,0,0.0
70,103.0,COLUMBIANA COUNTY,New Waterford,NEW WATERFORD,"1,195",0,2,0.0,0.0,0,0,1,1,0,0.0,104.0,COLUMBIANA COUNTY,OH01510,NEW WATERFORD,"1,183",0,3,0.0,0.0,0,0,1,2,0,0.0
71,109.0,COSHOCTON COUNTY,West Lafayette,WEST LAFAYETTE,"2,279",3,8,0.0,2.0,0,1,1,7,0,0.0,111.0,COSHOCTON COUNTY,OH01606,WEST LAFAYETTE,"2,287",3,6,0.0,2.0,0,1,1,5,0,0.0
72,110.0,COSHOCTON COUNTY,Coshocton,COSHOCTON COUNTY SHERIFF,"34,172",39,514,0.0,9.0,5,25,184,307,23,7.0,112.0,COSHOCTON COUNTY,OH01600,COSHOCTON COUNTY SHERIFF,"34,357",37,457,0.0,8.0,5,24,123,319,15,5.0
73,115.0,CUYAHOGA COUNTY,Cleveland,CLEVELAND,"386,227","6,299","20,533",135.0,488.0,"2,980","2,696","6,333","10,001","4,199",315.0,117.0,CUYAHOGA COUNTY,OHCLP00,CLEVELAND,"385,351","5,999","18,944",107.0,497.0,"2,697","2,698","5,853","9,696","3,395",253.0
74,115.0,CUYAHOGA COUNTY,Cleveland,CLEVELAND,"386,227","6,299","20,533",135.0,488.0,"2,980","2,696","6,333","10,001","4,199",315.0,128.0,CUYAHOGA COUNTY,OH01817,EAST CLEVELAND,"17,178",136,339,5.0,8.0,83,40,100,89,150,3.0
75,117.0,CUYAHOGA COUNTY,Bay Village,BAY VILLAGE,"15,346",2,64,0.0,1.0,0,1,12,49,3,0.0,119.0,CUYAHOGA COUNTY,OH01801,BAY VILLAGE,"15,327",2,73,0.0,1.0,0,1,11,61,1,0.0
76,118.0,CUYAHOGA COUNTY,Bedford,BEDFORD,"12,678",30,255,0.0,1.0,18,11,29,187,39,0.0,120.0,CUYAHOGA COUNTY,OH01803,BEDFORD,"12,641",25,228,1.0,1.0,16,7,50,146,32,0.0
77,121.0,CUYAHOGA COUNTY,Berea,BEREA,"18,805",11,181,0.0,2.0,5,4,19,154,8,1.0,122.0,CUYAHOGA COUNTY,OH01806,BEREA,"18,871",8,140,0.0,1.0,1,6,27,105,8,2.0
78,122.0,CUYAHOGA COUNTY,Brecksville,BRECKSVILLE,"13,390",4,54,0.0,0.0,2,2,5,47,2,1.0,123.0,CUYAHOGA COUNTY,OH01808,BRECKSVILLE,"13,432",2,52,0.0,1.0,0,1,4,47,1,0.0
79,123.0,CUYAHOGA COUNTY,Broadview Heights,BROADVIEW HEIGHTS,"19,186",0,24,0.0,0.0,0,0,7,17,0,0.0,124.0,CUYAHOGA COUNTY,OH01809,BROADVIEW HEIGHTS,"19,228",1,21,0.0,0.0,0,1,5,11,5,0.0
80,126.0,CUYAHOGA COUNTY,Cleveland Heights,CLEVELAND HEIGHTS,"44,696",145,997,3.0,9.0,80,53,118,781,98,3.0,127.0,CUYAHOGA COUNTY,OH01815,CLEVELAND HEIGHTS,"44,525",131,879,2.0,16.0,79,34,125,655,99,1.0
81,128.0,CUYAHOGA COUNTY,Euclid,EUCLID,"47,416",275,"1,329",8.0,17.0,107,143,343,804,182,5.0,129.0,CUYAHOGA COUNTY,OH01818,EUCLID,"47,270",303,"1,267",4.0,26.0,118,155,226,910,131,6.0
82,129.0,CUYAHOGA COUNTY,Fairview Park,FAIRVIEW PARK,"16,318",32,227,0.0,0.0,6,26,35,183,9,0.0,130.0,CUYAHOGA COUNTY,OH01819,FAIRVIEW PARK,"16,307",18,176,1.0,1.0,4,12,14,155,7,1.0
83,130.0,CUYAHOGA COUNTY,Garfield Heights,GARFIELD HEIGHTS,"27,938",37,190,0.0,7.0,17,13,74,116,0,2.0,131.0,CUYAHOGA COUNTY,OH01820,GARFIELD HEIGHTS,"27,846",0,0,0.0,0.0,0,0,0,0,0,0.0
84,134.0,CUYAHOGA COUNTY,Lakewood,LAKEWOOD,"50,349",63,876,3.0,8.0,32,20,144,665,67,4.0,136.0,CUYAHOGA COUNTY,OH01826,LAKEWOOD,"50,151",74,"1,199",2.0,6.0,40,26,469,652,78,5.0
85,135.0,CUYAHOGA COUNTY,Lyndhurst,LYNDHURST,"13,624",14,194,0.0,5.0,6,3,19,169,6,2.0,137.0,CUYAHOGA COUNTY,OH01827,LYNDHURST,"13,586",18,180,0.0,0.0,7,11,21,148,11,0.0
86,138.0,CUYAHOGA COUNTY,North Olmsted,NORTH OLMSTED,"31,851",26,619,1.0,6.0,13,6,69,512,38,0.0,140.0,CUYAHOGA COUNTY,OH01834,NORTH OLMSTED,"31,779",26,470,0.0,6.0,11,9,40,398,32,0.0
87,140.0,CUYAHOGA COUNTY,Olmsted Falls,OLMSTED FALLS,"8,859",3,30,0.0,0.0,0,3,11,17,2,0.0,143.0,CUYAHOGA COUNTY,OH01839,OLMSTED FALLS,"8,898",3,31,0.0,1.0,1,1,9,19,3,0.0
88,141.0,CUYAHOGA COUNTY,Parma,PARMA,"79,576",108,"1,102",0.0,26.0,43,39,271,712,119,11.0,144.0,CUYAHOGA COUNTY,OH01842,PARMA,"79,340",141,906,0.0,39.0,37,65,199,633,74,2.0
89,143.0,CUYAHOGA COUNTY,Richmond Heights,RICHMOND HEIGHTS,"10,445",27,249,0.0,2.0,15,10,56,165,28,0.0,147.0,CUYAHOGA COUNTY,OH01845,RICHMOND HEIGHTS,"10,432",19,206,0.0,0.0,12,7,37,146,23,0.0
90,144.0,CUYAHOGA COUNTY,Rocky River,ROCKY RIVER,"20,400",7,81,0.0,1.0,0,6,15,62,4,0.0,148.0,CUYAHOGA COUNTY,OH01846,ROCKY RIVER,"20,342",7,73,0.0,1.0,2,4,7,62,4,0.0
91,145.0,CUYAHOGA COUNTY,Seven Hills,SEVEN HILLS,"11,661",4,64,0.0,1.0,1,2,16,46,2,0.0,149.0,CUYAHOGA COUNTY,OH01847,SEVEN HILLS,"11,668",3,50,0.0,0.0,1,2,14,33,3,0.0
92,146.0,CUYAHOGA COUNTY,Solon,SOLON,"22,971",11,175,1.0,5.0,1,4,15,154,6,1.0,150.0,CUYAHOGA COUNTY,OH01849,SOLON,"23,023",13,182,0.0,2.0,4,7,25,146,11,0.0
93,147.0,CUYAHOGA COUNTY,South Euclid,SOUTH EUCLID,"21,686",35,570,0.0,4.0,23,8,57,474,39,0.0,151.0,CUYAHOGA COUNTY,OH01850,SOUTH EUCLID,"21,628",33,645,0.0,5.0,14,14,74,536,35,0.0
94,148.0,CUYAHOGA COUNTY,Strongsville,STRONGSVILLE,"44,626",19,882,0.0,0.0,14,5,65,797,20,1.0,152.0,CUYAHOGA COUNTY,OH01851,STRONGSVILLE,"44,758",18,852,2.0,1.0,9,6,67,760,25,0.0
95,152.0,CUYAHOGA COUNTY,Westlake,WESTLAKE,"32,353",14,461,0.0,0.0,5,9,37,403,21,3.0,157.0,CUYAHOGA COUNTY,OH01857,WESTLAKE,"32,330",13,366,0.0,1.0,9,3,25,326,15,0.0
96,161.0,DEFIANCE COUNTY,Defiance,DEFIANCE,"16,697",25,341,0.0,16.0,1,8,42,291,8,3.0,166.0,DEFIANCE COUNTY,OH02001,DEFIANCE,"16,594",26,464,0.0,14.0,3,9,54,390,20,1.0
97,161.0,DEFIANCE COUNTY,Defiance,DEFIANCE,"16,697",25,341,0.0,16.0,1,8,42,291,8,3.0,167.0,DEFIANCE COUNTY,OH02000,DEFIANCE,"18,083",13,135,0.0,9.0,0,4,31,100,4,1.0
98,165.0,DELAWARE COUNTY,Ostrander,OSTRANDER,697,1,0,0.0,0.0,0,1,0,0,0,0.0,,,,,,,,,,,,,,,
99,166.0,DELAWARE COUNTY,Powell,POWELL,"13,273",0,106,0.0,0.0,0,0,24,80,2,0.0,170.0,DELAWARE COUNTY,OH02105,POWELL,"13,029",6,103,0.0,2.0,2,2,12,90,1,0.0
100,172.0,ERIE COUNTY,Sandusky,SANDUSKY,"25,078",45,911,1.0,6.0,19,19,199,680,32,3.0,177.0,ERIE COUNTY,OH02203,SANDUSKY,"24,861",70,995,1.0,13.0,31,25,187,769,39,2.0
101,175.0,ERIE COUNTY,Milan,MILAN,984,1,19,0.0,1.0,0,0,4,15,0,0.0,181.0,ERIE COUNTY,OH02208,MILAN,983,1,7,0.0,1.0,0,0,0,7,0,0.0
102,175.0,ERIE COUNTY,Milan,MILAN,984,1,19,0.0,1.0,0,0,4,15,0,0.0,316.0,ERIE COUNTY,OH02208,MILAN,356,0,3,0.0,0.0,0,0,0,3,0,0.0
103,181.0,FAIRFIELD COUNTY,Lancaster,LANCASTER,"39,959",141,"1,826",0.0,30.0,46,65,271,"1,499",56,6.0,186.0,FAIRFIELD COUNTY,OH02301,LANCASTER,"40,026",127,"1,706",0.0,24.0,33,70,236,"1,382",88,12.0
104,182.0,FAIRFIELD COUNTY,Baltimore,BALTIMORE,"2,970",1,25,0.0,0.0,0,1,7,16,2,0.0,187.0,FAIRFIELD COUNTY,OH02303,BALTIMORE,"2,973",0,15,0.0,0.0,0,0,3,11,1,1.0
105,183.0,FAIRFIELD COUNTY,Carroll,CARROLL,519,0,6,0.0,0.0,0,0,0,6,0,0.0,188.0,FAIRFIELD COUNTY,OH02306,CARROLL,520,0,3,0.0,0.0,0,0,2,1,0,0.0
106,184.0,FAIRFIELD COUNTY,Lithopolis,LITHOPOLIS,"1,350",0,13,0.0,0.0,0,0,3,10,0,0.0,189.0,FAIRFIELD COUNTY,OH02307,LITHOPOLIS,"1,448",0,13,0.0,0.0,0,0,4,9,0,0.0
107,184.0,FAIRFIELD COUNTY,Lithopolis,LITHOPOLIS,"1,350",0,13,0.0,0.0,0,0,3,10,0,0.0,198.0,FAIRFIELD COUNTY,OH02307,LITHOPOLIS,42,0,0,0.0,0.0,0,0,0,0,0,0.0
108,186.0,FAIRFIELD COUNTY,Pickerington,PICKERINGTON,"19,964",16,428,0.0,0.0,10,6,42,380,6,0.0,191.0,FAIRFIELD COUNTY,OH02309,PICKERINGTON,"20,297",38,351,0.0,6.0,12,20,20,315,16,0.0
109,186.0,FAIRFIELD COUNTY,Pickerington,PICKERINGTON,"19,964",16,428,0.0,0.0,10,6,42,380,6,0.0,199.0,FAIRFIELD COUNTY,OH02309,PICKERINGTON,76,0,1,0.0,0.0,0,0,0,1,0,0.0
110,189.0,FAYETTE COUNTY,Washington Court House,WASHINGTON COURT HOUSE,"13,986",37,612,0.0,9.0,9,19,137,459,16,2.0,195.0,FAYETTE COUNTY,OH02401,WASHINGTON COURT HO,"14,136",41,548,0.0,16.0,14,11,79,459,10,4.0
111,191.0,FRANKLIN COUNTY,Columbus,COLUMBUS,"844,206","4,405","34,368",89.0,849.0,"2,099","1,368","7,593","23,300","3,475",396.0,168.0,FRANKLIN COUNTY,OHCOP00,COLUMBUS,"8,276",45,344,1.0,9.0,20,15,71,231,42,4.0
112,191.0,FRANKLIN COUNTY,Columbus,COLUMBUS,"844,206","4,405","34,368",89.0,849.0,"2,099","1,368","7,593","23,300","3,475",396.0,185.0,FRANKLIN COUNTY,OHCOP00,COLUMBUS,"10,505",54,412,2.0,11.0,24,17,85,277,50,5.0
113,191.0,FRANKLIN COUNTY,Columbus,COLUMBUS,"844,206","4,405","34,368",89.0,849.0,"2,099","1,368","7,593","23,300","3,475",396.0,197.0,FRANKLIN COUNTY,OHCOP00,COLUMBUS,"853,424","4,379","33,652",139.0,899.0,"1,919","1,422","6,955","22,613","4,084",370.0
114,195.0,FRANKLIN COUNTY,Bexley,BEXLEY,"13,775",26,359,0.0,12.0,13,1,99,242,18,0.0,201.0,FRANKLIN COUNTY,OH02501,BEXLEY,"13,773",20,420,1.0,4.0,10,5,104,301,15,0.0
115,196.0,FRANKLIN COUNTY,Dublin,DUBLIN,"38,892",20,438,0.0,8.0,5,7,82,344,12,2.0,173.0,FRANKLIN COUNTY,OH02503,DUBLIN,"4,534",3,53,0.0,1.0,1,1,6,45,2,0.0
116,196.0,FRANKLIN COUNTY,Dublin,DUBLIN,"38,892",20,438,0.0,8.0,5,7,82,344,12,2.0,202.0,FRANKLIN COUNTY,OH02503,DUBLIN,"39,242",27,456,1.0,10.0,8,8,51,388,17,1.0
117,196.0,FRANKLIN COUNTY,Dublin,DUBLIN,"38,892",20,438,0.0,8.0,5,7,82,344,12,2.0,633.0,FRANKLIN COUNTY,OH02503,DUBLIN,"2,510",1,29,0.0,1.0,0,0,3,25,1,0.0
118,197.0,FRANKLIN COUNTY,Gahanna,GAHANNA,"34,859",20,789,0.0,10.0,6,4,99,660,30,2.0,203.0,FRANKLIN COUNTY,OH02504,GAHANNA,"35,243",25,791,1.0,13.0,5,6,87,677,27,6.0
119,198.0,FRANKLIN COUNTY,Grandview Heights,GRANDVIEW HEIGHTS,"7,502",1,144,0.0,0.0,1,0,43,95,6,0.0,204.0,FRANKLIN COUNTY,OH02505,GRANDVIEW HEIGHTS,"7,831",0,43,0.0,0.0,0,0,5,37,1,0.0
120,199.0,FRANKLIN COUNTY,Grove City,GROVE CITY,"40,161",43,"1,678",2.0,7.0,26,8,144,"1,476",58,4.0,205.0,FRANKLIN COUNTY,OH02506,GROVE CITY,"40,421",47,"1,365",4.0,14.0,24,5,112,"1,197",56,0.0
121,200.0,FRANKLIN COUNTY,Hilliard,HILLIARD,"34,832",33,344,0.0,11.0,9,13,67,253,24,0.0,206.0,FRANKLIN COUNTY,OH02507,HILLIARD,"36,144",17,404,0.0,6.0,2,9,75,293,36,2.0
122,201.0,FRANKLIN COUNTY,Reynoldsburg,REYNOLDSBURG,"27,474",61,987,5.0,6.0,26,24,115,833,39,5.0,193.0,FRANKLIN COUNTY,OH02508,REYNOLDSBURG,936,3,26,0.0,1.0,1,1,3,22,1,0.0
123,201.0,FRANKLIN COUNTY,Reynoldsburg,REYNOLDSBURG,"27,474",61,987,5.0,6.0,26,24,115,833,39,5.0,207.0,FRANKLIN COUNTY,OH02508,REYNOLDSBURG,"27,631",71,780,1.0,16.0,35,19,98,656,26,3.0
124,201.0,FRANKLIN COUNTY,Reynoldsburg,REYNOLDSBURG,"27,474",61,987,5.0,6.0,26,24,115,833,39,5.0,358.0,FRANKLIN COUNTY,OH02508,REYNOLDSBURG,"9,137",25,256,0.0,6.0,12,7,32,216,8,1.0
125,202.0,FRANKLIN COUNTY,Upper Arlington,UPPER ARLINGTON,"35,150",16,535,1.0,4.0,8,3,67,449,19,1.0,208.0,FRANKLIN COUNTY,OH02509,UPPER ARLINGTON,"35,214",12,512,0.0,3.0,6,3,88,417,7,2.0
126,203.0,FRANKLIN COUNTY,Westerville,WESTERVILLE,"30,397",16,733,0.0,5.0,7,4,59,661,13,4.0,174.0,FRANKLIN COUNTY,OH02510,WESTERVILLE,"8,531",9,205,0.0,3.0,3,3,17,184,4,0.0
127,203.0,FRANKLIN COUNTY,Westerville,WESTERVILLE,"30,397",16,733,0.0,5.0,7,4,59,661,13,4.0,209.0,FRANKLIN COUNTY,OH02510,WESTERVILLE,"30,887",35,740,0.0,9.0,13,13,60,667,13,2.0
128,204.0,FRANKLIN COUNTY,Whitehall,WHITEHALL,"18,804",153,"1,163",2.0,25.0,74,52,299,794,70,9.0,210.0,FRANKLIN COUNTY,OH02511,WHITEHALL,"18,835",125,"1,269",0.0,11.0,69,45,187,"1,001",81,12.0
129,205.0,FRANKLIN COUNTY,Worthington,WORTHINGTON,"14,689",5,233,0.0,0.0,4,1,28,195,10,2.0,211.0,FRANKLIN COUNTY,OH02512,WORTHINGTON,"14,692",11,267,2.0,2.0,3,4,27,227,13,1.0
130,207.0,FRANKLIN COUNTY,Groveport,GROVEPORT,"5,813",5,178,0.0,2.0,1,2,19,149,10,2.0,213.0,FRANKLIN COUNTY,OH02516,GROVEPORT,"5,583",12,185,0.0,3.0,6,3,29,144,12,1.0
131,210.0,FRANKLIN COUNTY,New Albany,NEW ALBANY,"10,210",5,168,0.0,2.0,1,2,16,142,10,0.0,216.0,FRANKLIN COUNTY,OH02521,NEW ALBANY,"10,670",4,91,0.0,2.0,0,2,6,81,4,0.0
132,210.0,FRANKLIN COUNTY,New Albany,NEW ALBANY,"10,210",5,168,0.0,2.0,1,2,16,142,10,0.0,359.0,FRANKLIN COUNTY,OH02521,NEW ALBANY,168,0,1,0.0,0.0,0,0,0,1,0,0.0
133,218.0,FULTON COUNTY,Archbold,ARCHBOLD,"4,342",4,58,0.0,0.0,0,4,12,46,0,1.0,224.0,FULTON COUNTY,OH02601,ARCHBOLD,"4,338",2,41,0.0,1.0,0,1,6,34,1,0.0
134,219.0,FULTON COUNTY,Fayette,FAYETTE,"1,266",6,10,0.0,5.0,0,1,6,4,0,0.0,196.0,FULTON COUNTY,OH02400,FAYETTE,"14,453",37,432,1.0,5.0,3,28,109,308,15,1.0
135,219.0,FULTON COUNTY,Fayette,FAYETTE,"1,266",6,10,0.0,5.0,0,1,6,4,0,0.0,225.0,FULTON COUNTY,OH02603,FAYETTE,"1,265",2,12,0.0,2.0,0,0,2,10,0,1.0
136,220.0,FULTON COUNTY,Swanton,SWANTON,"3,754",3,27,0.0,2.0,0,1,4,23,0,0.0,226.0,FULTON COUNTY,OH02604,SWANTON,"3,768",5,51,0.0,4.0,0,1,8,39,4,0.0
137,220.0,FULTON COUNTY,Swanton,SWANTON,"3,754",3,27,0.0,2.0,0,1,4,23,0,0.0,382.0,FULTON COUNTY,OH02604,SWANTON,145,0,1,0.0,0.0,0,0,0,1,0,0.0
138,221.0,FULTON COUNTY,Wauseon,WAUSEON,"7,311",7,197,0.0,3.0,1,3,13,183,1,0.0,227.0,FULTON COUNTY,OH02605,WAUSEON,"7,407",10,169,0.0,1.0,1,8,14,151,4,0.0
139,227.0,GEAUGA COUNTY,Chardon,CHARDON,"5,162",7,66,0.0,0.0,0,7,3,63,0,0.0,233.0,GEAUGA COUNTY,OH02801,CHARDON,"5,199",10,96,0.0,1.0,0,9,4,91,1,0.0
140,228.0,GEAUGA COUNTY,Burton,BURTON,"1,463",0,3,0.0,0.0,0,0,1,2,0,0.0,234.0,GEAUGA COUNTY,OH02803,BURTON,"1,460",0,1,0.0,0.0,0,0,0,1,0,0.0
141,229.0,GEAUGA COUNTY,Middlefield,MIDDLEFIELD,"2,694",0,44,0.0,0.0,0,0,1,43,0,0.0,235.0,GEAUGA COUNTY,OH02805,MIDDLEFIELD,"2,715",1,86,0.0,0.0,0,1,2,84,0,0.0
142,232.0,GEAUGA COUNTY,Chesterland,CHESTER TOWNSHIP,"10,371",0,18,0.0,0.0,0,0,3,15,0,0.0,238.0,GEAUGA COUNTY,OH02810,CHESTER TOWNSHIP,"10,355",0,8,0.0,0.0,0,0,1,7,0,0.0
143,235.0,GREENE COUNTY,Xenia,XENIA,"26,037",53,821,1.0,13.0,11,28,134,665,22,6.0,243.0,GREENE COUNTY,OH02903,XENIA,"26,331",55,811,1.0,16.0,8,30,141,636,34,6.0
144,236.0,GREENE COUNTY,Yellow Springs,YELLOW SPRINGS,"3,857",2,79,0.0,0.0,1,1,18,59,2,0.0,244.0,GREENE COUNTY,OH02904,YELLOW SPRINGS,"3,713",11,72,0.0,4.0,4,3,20,47,5,0.0
145,237.0,GREENE COUNTY,Bellbrook,BELLBROOK,"7,074",3,57,0.0,2.0,0,1,4,51,2,0.0,245.0,GREENE COUNTY,OH02905,BELLBROOK,"7,159",5,39,0.0,1.0,0,4,0,39,0,0.0
146,238.0,GREENE COUNTY,Jamestown,JAMESTOWN,"2,034",1,72,0.0,0.0,0,1,28,42,2,0.0,246.0,GREENE COUNTY,OH02909,JAMESTOWN,"2,036",3,84,0.0,1.0,2,0,27,53,4,1.0
147,239.0,GREENE COUNTY,Beavercreek,BEAVERCREEK,"46,490",32,"1,065",0.0,14.0,13,5,64,969,32,2.0,247.0,GREENE COUNTY,OH02911,BEAVERCREEK,"46,572",38,"1,111",0.0,13.0,9,16,49,"1,013",49,2.0
148,246.0,GUERNSEY COUNTY,Cambridge,CAMBRIDGE,"10,341",14,484,1.0,0.0,3,10,83,388,13,0.0,254.0,GUERNSEY COUNTY,OH03001,CAMBRIDGE,"10,391",8,456,1.0,1.0,3,3,75,375,6,1.0
149,247.0,GUERNSEY COUNTY,Byesville,BYESVILLE,"2,363",0,8,0.0,0.0,0,0,0,8,0,1.0,255.0,GUERNSEY COUNTY,OH03002,BYESVILLE,"2,372",0,16,0.0,0.0,0,0,4,9,3,0.0
150,248.0,GUERNSEY COUNTY,Senecaville,SENECAVILLE,443,0,0,0.0,0.0,0,0,0,0,0,0.0,256.0,GUERNSEY COUNTY,OH03010,SENECAVILLE,448,0,0,0.0,0.0,0,0,0,0,0,0.0
151,249.0,HAMILTON COUNTY,Cincinnati,CINCINNATI,"298,880","2,720","15,382",57.0,249.0,"1,278","1,136","3,929","10,216","1,237",485.0,257.0,HAMILTON COUNTY,OHCIP00,CINCINNATI,"299,116","2,833","15,105",70.0,292.0,"1,196","1,275","3,448","10,172","1,485",1.0
152,252.0,HAMILTON COUNTY,Blue Ash,BLUE ASH,"12,169",11,320,0.0,4.0,4,3,41,273,6,3.0,261.0,HAMILTON COUNTY,OH03104,BLUE ASH,"12,248",16,278,2.0,2.0,4,8,42,229,7,0.0
153,254.0,HAMILTON COUNTY,Deer Park,DEER PARK,"5,672",9,74,0.0,1.0,4,4,9,63,2,0.0,264.0,HAMILTON COUNTY,OH03107,DEER PARK,"5,665",6,51,0.0,1.0,0,5,4,44,3,0.0
154,259.0,HAMILTON COUNTY,Forest Park,FOREST PARK,"18,669",47,633,0.0,9.0,21,17,157,449,27,2.0,269.0,HAMILTON COUNTY,OH03112,FOREST PARK,"18,665",50,435,1.0,7.0,20,22,70,345,20,1.0
155,261.0,HAMILTON COUNTY,Greenhills,GREENHILLS,"3,589",1,36,0.0,1.0,0,0,8,27,1,1.0,271.0,HAMILTON COUNTY,OH03115,GREENHILLS,"3,584",1,43,0.0,0.0,0,1,4,38,1,0.0
156,262.0,HAMILTON COUNTY,Harrison,HARRISON,"10,819",0,306,0.0,0.0,0,0,15,282,9,0.0,272.0,HAMILTON COUNTY,OH03116,HARRISON,"11,246",6,182,1.0,0.0,5,0,16,157,9,0.0
157,267.0,HAMILTON COUNTY,Montgomery,MONTGOMERY,"10,558",4,148,0.0,0.0,0,4,14,130,4,0.0,277.0,HAMILTON COUNTY,OH03123,MONTGOMERY,"10,638",4,152,0.0,2.0,1,1,8,139,5,0.0
158,271.0,HAMILTON COUNTY,Norwood,NORWOOD,"20,065",52,"1,013",0.0,12.0,28,12,166,798,49,2.0,281.0,HAMILTON COUNTY,OH03128,NORWOOD,"19,994",68,895,0.0,15.0,28,25,132,707,56,2.0
159,272.0,HAMILTON COUNTY,Springdale,SPRINGDALE,"11,175",7,118,0.0,0.0,3,4,16,95,7,1.0,283.0,HAMILTON COUNTY,OH03133,SPRINGDALE,"11,203",0,0,0.0,0.0,0,0,0,0,0,0.0
160,283.0,HANCOCK COUNTY,Findlay,FINDLAY,"41,156",53,630,3.0,15.0,9,26,104,515,11,1.0,294.0,HANCOCK COUNTY,OH03201,FINDLAY,"41,474",128,"1,304",3.0,25.0,24,76,216,"1,050",38,3.0
161,296.0,HIGHLAND COUNTY,Greenfield,GREENFIELD,"4,559",6,102,0.0,1.0,1,4,20,72,10,1.0,304.0,HIGHLAND COUNTY,OH03601,GREENFIELD,"4,582",13,99,3.0,3.0,2,5,28,50,21,2.0
162,297.0,HIGHLAND COUNTY,Hillsboro,HILLSBORO,"6,547",8,203,1.0,2.0,1,4,33,166,4,0.0,305.0,HIGHLAND COUNTY,OH03602,HILLSBORO,"6,576",9,168,0.0,7.0,1,1,23,134,11,1.0
163,298.0,HIGHLAND COUNTY,Leesburg,VILLAGE OF LEESBURG,"1,289",0,46,0.0,0.0,0,0,9,37,0,0.0,306.0,HIGHLAND COUNTY,OH03603,VILLAGE OF LEESBURG,"1,295",1,54,0.0,0.0,0,1,5,47,2,0.0
164,299.0,HIGHLAND COUNTY,Lynchburg,LYNCHBURG,"1,482",4,20,0.0,3.0,0,1,8,12,0,0.0,96.0,HIGHLAND COUNTY,OH03604,LYNCHBURG,2,0,0,0.0,0.0,0,0,0,0,0,0.0
165,299.0,HIGHLAND COUNTY,Lynchburg,LYNCHBURG,"1,482",4,20,0.0,3.0,0,1,8,12,0,0.0,307.0,HIGHLAND COUNTY,OH03604,LYNCHBURG,"1,480",0,29,0.0,0.0,0,0,2,25,2,0.0
166,302.0,HOCKING COUNTY,Logan,LOGAN,"7,106",15,243,0.0,6.0,1,8,38,200,5,2.0,310.0,HOCKING COUNTY,OH03701,LOGAN,"7,077",18,289,0.0,5.0,3,10,21,254,14,2.0
167,317.0,JEFFERSON COUNTY,Steubenville,STEUBENVILLE,"18,137",60,"1,085",2.0,4.0,22,32,132,945,8,0.0,325.0,JEFFERSON COUNTY,OH04103,STEUBENVILLE,"17,979",49,"1,132",3.0,4.0,11,31,89,"1,021",22,6.0
168,328.0,KNOX COUNTY,Mount Vernon,MOUNT VERNON,"16,685",17,680,0.0,6.0,2,9,87,592,1,1.0,335.0,KNOX COUNTY,OH04201,MOUNT VERNON,"16,553",22,621,1.0,6.0,0,15,89,525,7,3.0
169,330.0,KNOX COUNTY,Fredericktown,FREDERICKTOWN,"2,486",6,41,0.0,2.0,0,4,11,29,1,0.0,337.0,KNOX COUNTY,OH04204,FREDERICKTOWN,"2,461",4,55,0.0,0.0,0,4,12,43,0,0.0
170,333.0,LAKE COUNTY,Eastlake,EASTLAKE,"18,166",10,443,1.0,0.0,3,6,54,375,14,1.0,340.0,LAKE COUNTY,OH04301,EASTLAKE,"18,056",14,330,1.0,2.0,5,6,38,282,10,1.0
171,336.0,LAKE COUNTY,Mentor,MENTOR,"46,852",51,"1,034",0.0,10.0,11,30,105,899,30,6.0,343.0,LAKE COUNTY,OH04306,MENTOR,"46,663",72,908,0.0,11.0,17,44,105,780,23,6.0
172,338.0,LAKE COUNTY,Painesville,PAINESVILLE,"19,827",8,9,0.0,0.0,1,7,3,5,1,0.0,345.0,LAKE COUNTY,OH04308,PAINESVILLE,"19,719",11,22,1.0,1.0,0,9,7,13,2,0.0
173,340.0,LAKE COUNTY,Wickliffe,WICKLIFFE,"12,506",17,233,0.0,0.0,9,8,41,178,14,0.0,347.0,LAKE COUNTY,OH04311,WICKLIFFE,"12,679",9,152,0.0,0.0,4,5,26,118,8,0.0
174,341.0,LAKE COUNTY,Willoughby,WILLOUGHBY,"22,701",45,478,1.0,8.0,21,15,62,394,22,1.0,348.0,LAKE COUNTY,OH04312,WILLOUGHBY,"22,857",34,440,0.0,1.0,17,16,37,385,18,1.0
175,358.0,LOGAN COUNTY,Bellefontaine,BELLEFONTAINE,"13,073",23,404,0.0,8.0,2,13,59,342,3,1.0,367.0,LOGAN COUNTY,OH04601,BELLEFONTAINE,"13,144",14,331,0.0,6.0,2,6,46,280,5,2.0
176,359.0,LOGAN COUNTY,Russells Point,RUSSELLS POINT,"1,355",0,26,0.0,0.0,0,0,6,19,1,0.0,368.0,LOGAN COUNTY,OH04602,RUSSELLS POINT,"1,367",4,22,1.0,2.0,0,1,3,19,0,0.0
177,360.0,LOGAN COUNTY,De Graff,DE GRAFF,"1,259",0,0,0.0,0.0,0,0,0,0,0,0.0,,,,,,,,,,,,,,,
178,361.0,LOGAN COUNTY,West Liberty,WEST LIBERTY,"1,769",3,21,0.0,0.0,0,3,8,13,0,0.0,369.0,LOGAN COUNTY,OH04610,WEST LIBERTY,"1,785",1,5,0.0,0.0,0,1,1,3,1,0.0
179,363.0,LORAIN COUNTY,Elyria,ELYRIA,"53,633",161,"1,483",4.0,26.0,71,60,344,"1,042",97,8.0,371.0,LORAIN COUNTY,OH04704,ELYRIA,"53,586",191,"1,146",3.0,39.0,64,85,248,842,56,12.0
180,364.0,LORAIN COUNTY,Vermilion,VERMILION,"5,783",2,60,0.0,0.0,0,2,8,50,2,0.0,178.0,LORAIN COUNTY,OH02204,VERMILION,"4,603",1,41,0.0,0.0,0,1,6,35,0,0.0
181,364.0,LORAIN COUNTY,Vermilion,VERMILION,"5,783",2,60,0.0,0.0,0,2,8,50,2,0.0,372.0,LORAIN COUNTY,OH02204,VERMILION,"5,778",2,54,0.0,1.0,0,1,8,45,1,0.0
182,365.0,LORAIN COUNTY,Amherst,AMHERST,"12,156",7,188,0.0,1.0,3,3,21,164,3,0.0,373.0,LORAIN COUNTY,OH04701,AMHERST,"12,090",5,157,0.0,0.0,2,3,14,140,3,1.0
183,366.0,LORAIN COUNTY,Avon Lake,AVON LAKE,"23,625",1,8,0.0,0.0,0,1,1,7,0,0.0,374.0,LORAIN COUNTY,OH04703,AVON LAKE,"23,839",8,124,0.0,0.0,1,7,21,97,6,1.0
184,367.0,LORAIN COUNTY,Lorain,LORAIN,"63,561",127,778,6.0,14.0,43,64,287,463,28,12.0,375.0,LORAIN COUNTY,OH04705,LORAIN,"63,672",373,"2,019",2.0,30.0,87,254,590,"1,335",94,11.0
185,368.0,LORAIN COUNTY,Oberlin,OBERLIN,"8,342",38,212,0.0,27.0,4,7,27,184,1,0.0,376.0,LORAIN COUNTY,OH04706,OBERLIN,"8,321",13,171,0.0,6.0,0,7,33,136,2,1.0
186,369.0,LORAIN COUNTY,North Ridgeville,NORTH RIDGEVILLE,"33,095",12,193,1.0,4.0,3,4,37,154,2,0.0,377.0,LORAIN COUNTY,OH04707,NORTH RIDGEVILLE,"33,586",17,140,1.0,7.0,2,7,47,89,4,0.0
187,370.0,LORAIN COUNTY,Grafton,GRAFTON,"6,105",4,38,1.0,0.0,2,1,10,28,0,0.0,379.0,LORAIN COUNTY,OH04710,GRAFTON,"6,182",1,40,0.0,1.0,0,0,16,24,0,0.0
188,373.0,LUCAS COUNTY,Toledo,TOLEDO,"278,366","3,319","11,191",37.0,316.0,803,"2,163","3,381","7,081",729,0.0,381.0,LUCAS COUNTY,OH04807,TOLEDO,"277,116","2,829","11,095",35.0,180.0,780,"1,834","3,103","7,247",745,0.0
189,375.0,LUCAS COUNTY,Maumee,MAUMEE,"13,875",15,380,0.0,8.0,3,4,37,336,7,0.0,383.0,LUCAS COUNTY,OH04801,MAUMEE,"13,809",5,305,0.0,0.0,3,2,31,265,9,0.0
190,376.0,LUCAS COUNTY,Oregon,OREGON,"20,055",37,665,0.0,5.0,6,26,85,553,27,1.0,384.0,LUCAS COUNTY,OH04802,OREGON,"19,991",36,779,1.0,10.0,8,17,75,682,22,1.0
191,379.0,LUCAS COUNTY,Holland,HOLLAND,"1,698",6,288,0.0,1.0,5,0,21,266,1,0.0,388.0,LUCAS COUNTY,OH04810,HOLLAND,"1,662",7,349,0.0,1.0,4,2,10,335,4,3.0
192,380.0,LUCAS COUNTY,Waterville,WATERVILLE,"5,511",2,29,0.0,0.0,1,1,4,24,1,0.0,389.0,LUCAS COUNTY,OH04811,WATERVILLE,"5,518",1,25,0.0,0.0,0,1,3,22,0,0.0
193,381.0,LUCAS COUNTY,Whitehouse,WHITEHOUSE,"4,528",1,30,0.0,0.0,0,1,4,23,3,0.0,390.0,LUCAS COUNTY,OH04812,WHITEHOUSE,"4,622",2,8,0.0,0.0,1,1,1,7,0,0.0
194,388.0,MADISON COUNTY,London,LONDON,"10,092",7,284,0.0,2.0,2,3,48,221,15,0.0,397.0,MADISON COUNTY,OH04901,LONDON,"10,202",14,254,0.0,2.0,2,10,52,189,13,1.0
195,389.0,MADISON COUNTY,West Jefferson,WEST JEFFERSON,"4,291",3,101,0.0,0.0,1,2,14,84,3,0.0,398.0,MADISON COUNTY,OH04902,WEST JEFFERSON,"4,347",2,58,0.0,0.0,0,2,5,51,2,0.0
196,392.0,MAHONING COUNTY,Boardman,BOARDMAN,"39,692",54,"1,346",0.0,6.0,22,26,189,"1,126",31,5.0,400.0,MAHONING COUNTY,OH05002,BOARDMAN,"39,276",61,"1,482",0.0,14.0,31,16,164,"1,289",29,6.0
197,393.0,MAHONING COUNTY,Youngstown,YOUNGSTOWN,"64,170",415,"2,426",12.0,28.0,151,224,921,"1,264",241,137.0,401.0,MAHONING COUNTY,OH05009,YOUNGSTOWN,"63,878",447,"2,362",23.0,32.0,151,241,847,"1,283",232,82.0
198,393.0,MAHONING COUNTY,Youngstown,YOUNGSTOWN,"64,170",415,"2,426",12.0,28.0,151,224,921,"1,264",241,137.0,605.0,MAHONING COUNTY,OH05009,YOUNGSTOWN,11,0,0,0.0,0.0,0,0,0,0,0,0.0
199,397.0,MAHONING COUNTY,Austintown,AUSTINTOWN,"35,680",52,818,0.0,9.0,13,30,114,674,30,0.0,405.0,MAHONING COUNTY,OH05001,AUSTINTOWN,"35,303",62,789,0.0,9.0,14,39,109,659,21,1.0
200,399.0,MAHONING COUNTY,Canfield,CANFIELD,"7,323",1,60,0.0,1.0,0,0,8,52,0,0.0,407.0,MAHONING COUNTY,OH05004,CANFIELD,"7,246",3,46,0.0,1.0,0,2,10,36,0,2.0
201,403.0,MAHONING COUNTY,Struthers,STRUTHERS,"10,314",27,244,0.0,1.0,8,18,75,161,8,0.0,411.0,MAHONING COUNTY,OH05008,STRUTHERS,"10,228",15,216,0.0,1.0,4,10,58,148,10,0.0
202,404.0,MAHONING COUNTY,Craig Beach,CRAIG BEACH,"1,137",0,3,0.0,0.0,0,0,0,3,0,0.0,412.0,MAHONING COUNTY,OH05011,CRAIG BEACH,"1,129",1,6,0.0,1.0,0,0,1,4,1,0.0
203,408.0,MAHONING COUNTY,New Springfield,SPRINGFIELD TOWNSHIP,"6,446",3,76,0.0,2.0,0,1,32,40,4,0.0,,,,,,,,,,,,,,,
204,418.0,MEDINA COUNTY,Brunswick,BRUNSWICK,"34,774",25,224,0.0,1.0,0,24,28,182,14,1.0,425.0,MEDINA COUNTY,OH05201,BRUNSWICK,"34,838",21,194,1.0,2.0,4,14,22,161,11,0.0
205,419.0,MEDINA COUNTY,Medina,MEDINA,"26,280",13,119,1.0,5.0,1,6,12,107,0,0.0,426.0,MEDINA COUNTY,OH05202,MEDINA,"26,199",17,324,1.0,5.0,5,6,55,269,0,0.0
206,420.0,MEDINA COUNTY,Wadsworth,WADSWORTH,"21,910",24,479,0.0,7.0,2,15,40,436,3,4.0,427.0,MEDINA COUNTY,OH05203,WADSWORTH,"23,388",24,333,0.0,4.0,1,19,28,301,4,1.0
207,422.0,MEDINA COUNTY,Lodi,LODI,"2,770",0,1,0.0,0.0,0,0,1,0,0,0.0,,,,,,,,,,,,,,,
208,423.0,MEDINA COUNTY,Spencer,SPENCER,766,0,6,0.0,0.0,0,0,0,6,0,0.0,429.0,MEDINA COUNTY,OH05210,SPENCER,777,2,6,0.0,1.0,0,1,1,5,0,0.0
209,424.0,MEDINA COUNTY,Hinckley,HINCKLEY TOWNSHIP,"8,041",6,28,2.0,0.0,0,4,15,13,0,0.0,430.0,MEDINA COUNTY,OH05212,HINCKLEY TOWNSHIP,"7,970",1,17,0.0,0.0,0,1,3,13,1,0.0
210,437.0,MERCER COUNTY,Coldwater,COLDWATER,"4,501",0,20,0.0,0.0,0,0,2,17,1,0.0,443.0,MERCER COUNTY,OH05404,COLDWATER,"4,519",3,53,0.0,3.0,0,0,6,47,0,0.0
211,438.0,MERCER COUNTY,Fort Recovery,FORT RECOVERY,"1,430",1,6,0.0,1.0,0,0,0,6,0,0.0,444.0,MERCER COUNTY,OH05405,FORT RECOVERY,"1,436",1,12,0.0,0.0,0,1,3,8,1,0.0
212,439.0,MERCER COUNTY,Rockford,ROCKFORD,"1,105",2,6,0.0,1.0,1,0,2,4,0,0.0,445.0,MERCER COUNTY,OH05408,ROCKFORD,"1,099",0,4,0.0,0.0,0,0,0,4,0,0.0
213,441.0,MIAMI COUNTY,Piqua,PIQUA,"20,845",39,882,1.0,19.0,13,6,135,728,19,7.0,448.0,MIAMI COUNTY,OH05502,PIQUA,"20,973",54,819,1.0,33.0,11,9,120,681,18,2.0
214,442.0,MIAMI COUNTY,Tipp City,TIPP CITY,"9,941",7,181,0.0,1.0,1,5,23,148,10,1.0,449.0,MIAMI COUNTY,OH05503,TIPP CITY,"9,957",4,140,0.0,4.0,0,0,11,119,10,4.0
215,443.0,MIAMI COUNTY,Troy,TROY,"25,745",22,724,0.0,13.0,3,6,145,567,12,6.0,450.0,MIAMI COUNTY,OH05504,TROY,"25,865",38,502,1.0,20.0,6,11,60,434,8,0.0
216,444.0,MIAMI COUNTY,Covington,COVINGTON,"2,633",3,29,0.0,0.0,2,1,2,27,0,0.0,451.0,MIAMI COUNTY,OH05506,COVINGTON,"2,637",3,16,0.0,0.0,0,3,2,14,0,0.0
217,449.0,MONTGOMERY COUNTY,Dayton,DAYTON,"140,260","1,402","7,235",36.0,133.0,496,737,"2,269","4,252",714,80.0,456.0,DAYTON,OH05702,DAYTON,"140,171","1,232","6,083",30.0,122.0,393,687,"1,779","3,688",616,26.0
218,450.0,MONTGOMERY COUNTY,Centerville,CENTERVILLE,"23,851",13,352,0.0,0.0,3,10,41,290,21,0.0,251.0,DAYTON,OH05701,CENTERVILLE,2,0,0,0.0,0.0,0,0,0,0,0,0.0
219,450.0,MONTGOMERY COUNTY,Centerville,CENTERVILLE,"23,851",13,352,0.0,0.0,3,10,41,290,21,0.0,457.0,DAYTON,OH05701,CENTERVILLE,"23,780",14,373,0.0,2.0,4,8,30,327,16,0.0
220,451.0,MONTGOMERY COUNTY,Germantown,GERMANTOWN,"5,495",6,40,0.0,0.0,0,6,5,34,1,0.0,458.0,DAYTON,OH05703,GERMANTOWN,"5,477",4,68,0.0,2.0,1,1,15,49,4,0.0
221,452.0,MONTGOMERY COUNTY,Kettering,KETTERING,"54,915",73,"1,000",0.0,26.0,26,21,221,726,53,10.0,252.0,DAYTON,OH05705,KETTERING,471,0,8,0.0,0.0,0,0,2,6,0,0.0
222,452.0,MONTGOMERY COUNTY,Kettering,KETTERING,"54,915",73,"1,000",0.0,26.0,26,21,221,726,53,10.0,459.0,DAYTON,OH05705,KETTERING,"54,681",70,852,0.0,23.0,26,21,190,610,52,3.0
223,454.0,MONTGOMERY COUNTY,Miamisburg,MIAMISBURG,"20,000",20,228,0.0,4.0,12,4,40,178,10,1.0,461.0,DAYTON,OH05708,MIAMISBURG,"19,928",14,257,0.0,4.0,2,8,46,204,7,3.0
224,456.0,MONTGOMERY COUNTY,Clayton,CLAYTON,"13,129",6,135,0.0,0.0,3,3,27,97,11,0.0,463.0,DAYTON,OH05711,CLAYTON,"13,149",5,118,0.0,0.0,4,1,17,92,9,0.0
225,469.0,MONTGOMERY COUNTY,Clayton,CLAY TOWNSHIP,"4,217",2,20,0.0,2.0,0,0,6,14,0,0.0,463.0,DAYTON,OH05711,CLAYTON,"13,149",5,118,0.0,0.0,4,1,17,92,9,0.0
226,457.0,MONTGOMERY COUNTY,Trotwood,TROTWOOD,"24,024",90,962,11.0,20.0,37,22,341,506,115,11.0,464.0,DAYTON,OH05712,TROTWOOD,"24,308",69,891,3.0,15.0,35,16,257,489,145,6.0
227,458.0,MONTGOMERY COUNTY,Vandalia,VANDALIA,"15,073",14,328,0.0,2.0,9,3,63,232,33,3.0,465.0,DAYTON,OH05713,VANDALIA,"15,022",26,310,0.0,10.0,11,5,66,219,25,2.0
228,461.0,MONTGOMERY COUNTY,Brookville,BROOKVILLE,"5,902",7,59,0.0,5.0,1,1,15,43,1,0.0,468.0,DAYTON,OH05716,BROOKVILLE,"5,896",6,67,0.0,3.0,3,0,15,47,5,0.0
229,477.0,MUSKINGUM COUNTY,Zanesville,ZANESVILLE,"25,494",93,"1,288",0.0,18.0,28,47,230,"1,036",22,10.0,484.0,MUSKINGUM COUNTY,OH06001,ZANESVILLE,"25,457",100,"1,157",0.0,19.0,21,60,203,897,57,16.0
230,478.0,MUSKINGUM COUNTY,Dresden,DRESDEN,"1,736",2,0,0.0,0.0,0,2,0,0,0,0.0,485.0,MUSKINGUM COUNTY,OH06003,DRESDEN,"1,707",0,5,0.0,0.0,0,0,1,4,0,0.0
231,479.0,MUSKINGUM COUNTY,Frazeysburg,FRAZEYSBURG,"1,321",1,16,0.0,1.0,0,0,1,12,3,0.0,486.0,MUSKINGUM COUNTY,OH06004,FRAZEYSBURG,"1,294",1,9,0.0,0.0,0,1,4,5,0,0.0
232,480.0,MUSKINGUM COUNTY,New Concord,NEW CONCORD,"2,317",0,15,0.0,0.0,0,0,1,14,0,0.0,487.0,MUSKINGUM COUNTY,OH06006,NEW CONCORD,"2,337",0,7,0.0,0.0,0,0,0,7,0,0.0
233,481.0,MUSKINGUM COUNTY,Roseville,ROSEVILLE,755,3,14,0.0,0.0,0,3,4,9,1,0.0,488.0,MUSKINGUM COUNTY,OH06009,ROSEVILLE,763,1,10,0.0,1.0,0,0,2,6,2,0.0
234,481.0,MUSKINGUM COUNTY,Roseville,ROSEVILLE,755,3,14,0.0,0.0,0,3,4,9,1,0.0,502.0,MUSKINGUM COUNTY,OH06009,ROSEVILLE,"1,083",3,12,0.0,1.0,1,1,2,8,2,0.0
235,486.0,OTTAWA COUNTY,Oak Harbor,OAK HARBOR,"2,705",1,42,0.0,1.0,0,0,5,37,0,0.0,493.0,OTTAWA COUNTY,OH06201,OAK HARBOR,"2,731",1,36,0.0,1.0,0,0,8,28,0,0.0
236,487.0,OTTAWA COUNTY,Port Clinton,PORT CLINTON,"5,939",13,170,0.0,8.0,2,3,38,129,3,1.0,494.0,OTTAWA COUNTY,OH06202,PORT CLINTON,"5,928",21,170,0.0,12.0,3,6,31,126,13,0.0
237,488.0,OTTAWA COUNTY,Genoa,GENOA,"2,301",1,5,0.0,0.0,0,1,0,5,0,0.0,495.0,OTTAWA COUNTY,OH06205,GENOA,"2,276",1,7,0.0,0.0,0,1,2,5,0,1.0
238,489.0,OTTAWA COUNTY,Marblehead,MARBLEHEAD,885,0,2,0.0,0.0,0,0,0,2,0,0.0,,,,,,,,,,,,,,,
239,490.0,OTTAWA COUNTY,Put in Bay,PUT-IN-BAY,136,3,1,0.0,0.0,0,3,0,1,0,0.0,496.0,OTTAWA COUNTY,OH06207,PUT-IN-BAY,135,0,1,0.0,0.0,0,0,0,0,1,0.0
240,494.0,PAULDING COUNTY,Paulding,PAULDING COUNTY SHERIFF,"13,259",14,138,1.0,7.0,1,5,39,99,0,0.0,,,,,,,,,,,,,,,
241,496.0,PERRY COUNTY,Crooksville,CROOKSVILLE,"2,491",0,2,0.0,0.0,0,0,0,1,1,0.0,503.0,PERRY COUNTY,OH06401,CROOKSVILLE,"2,491",0,0,0.0,0.0,0,0,0,0,0,0.0
242,497.0,PERRY COUNTY,New Lexington,NEW LEXINGTON,"4,721",12,188,0.0,5.0,1,6,34,149,5,0.0,504.0,PERRY COUNTY,OH06402,NEW LEXINGTON,"4,716",11,134,0.0,6.0,1,4,14,112,8,1.0
243,500.0,PERRY COUNTY,Somerset,SOMERSET,"1,461",0,4,0.0,0.0,0,0,0,4,0,0.0,508.0,PERRY COUNTY,OH06411,SOMERSET,"1,460",0,4,0.0,0.0,0,0,1,3,0,0.0
244,501.0,PERRY COUNTY,Thornville,THORNVILLE,997,0,12,0.0,0.0,0,0,0,12,0,0.0,509.0,PERRY COUNTY,OH06412,THORNVILLE,997,0,3,0.0,0.0,0,0,1,2,0,0.0
245,503.0,PICKAWAY COUNTY,Circleville,CIRCLEVILLE,"13,930",37,674,0.0,5.0,12,20,97,569,8,0.0,511.0,PICKAWAY COUNTY,OH06501,CIRCLEVILLE,"13,972",57,714,0.0,13.0,21,23,136,550,28,4.0
246,504.0,PICKAWAY COUNTY,Ashville,ASHVILLE,"4,207",1,67,0.0,1.0,0,0,15,49,3,0.0,512.0,PICKAWAY COUNTY,OH06502,ASHVILLE,"4,211",3,53,1.0,0.0,1,1,9,40,4,0.0
247,505.0,PICKAWAY COUNTY,Commercial Point,COMMERCIAL POINT,"1,616",2,10,0.0,2.0,0,0,0,9,1,0.0,,,,,,,,,,,,,,,
248,511.0,PORTAGE COUNTY,Aurora,AURORA,"15,897",11,168,0.0,2.0,5,4,9,157,2,0.0,519.0,PORTAGE COUNTY,OH06701,AURORA,"15,932",3,187,0.0,0.0,1,2,17,168,2,0.0
249,512.0,PORTAGE COUNTY,Garrettsville,GARRETTSVILLE,"2,326",0,9,0.0,0.0,0,0,1,8,0,0.0,520.0,PORTAGE COUNTY,OH06702,GARRETTSVILLE,"2,321",0,20,0.0,0.0,0,0,1,17,2,0.0
250,513.0,PORTAGE COUNTY,Kent,KENT,"29,995",67,496,1.0,0.0,13,53,95,385,16,2.0,521.0,PORTAGE COUNTY,OH06703,KENT,"30,270",44,451,0.0,1.0,11,32,75,359,17,1.0
251,514.0,PORTAGE COUNTY,Windham,WINDHAM,"2,201",3,32,0.0,0.0,1,2,6,26,0,0.0,522.0,PORTAGE COUNTY,OH06706,WINDHAM,"2,199",4,36,0.0,0.0,0,4,10,24,2,0.0
252,516.0,PORTAGE COUNTY,Hiram,HIRAM,"1,238",0,1,0.0,0.0,0,0,0,1,0,0.0,524.0,PORTAGE COUNTY,OH06708,HIRAM,"1,164",3,0,0.0,1.0,0,2,0,0,0,0.0
253,518.0,PORTAGE COUNTY,Streetsboro,STREETSBORO,"16,364",6,244,0.0,0.0,1,5,28,207,9,1.0,526.0,PORTAGE COUNTY,OH06712,STREETSBORO,"16,308",11,343,0.0,2.0,5,4,24,309,10,0.0
254,521.0,PORTAGE COUNTY,Mogadore,MOGADORE,"1,030",0,11,0.0,0.0,0,0,2,8,1,0.0,529.0,PORTAGE COUNTY,OH07708,MOGADORE,"1,002",0,12,0.0,0.0,0,0,3,9,0,0.0
255,521.0,PORTAGE COUNTY,Mogadore,MOGADORE,"1,030",0,11,0.0,0.0,0,0,2,8,1,0.0,589.0,PORTAGE COUNTY,OH07708,MOGADORE,"2,827",0,37,0.0,0.0,0,0,9,27,1,0.0
256,524.0,PREBLE COUNTY,Camden,CAMDEN,"1,955",0,4,0.0,0.0,0,0,0,4,0,0.0,532.0,PREBLE COUNTY,OH06802,CAMDEN,"1,951",0,2,0.0,0.0,0,0,0,2,0,0.0
257,526.0,PREBLE COUNTY,West Alexandria,WEST ALEXANDRIA,"1,334",1,23,0.0,0.0,0,1,7,15,1,0.0,534.0,PREBLE COUNTY,OH06809,WEST ALEXANDRIA,"1,339",1,13,0.0,1.0,0,0,4,9,0,0.0
258,528.0,PUTNAM COUNTY,Ottawa,OTTAWA,"4,385",3,7,0.0,0.0,0,3,2,5,0,0.0,536.0,PUTNAM COUNTY,OH06901,OTTAWA,"4,394",6,14,0.0,2.0,0,4,0,13,1,0.0
259,529.0,PUTNAM COUNTY,Columbus Grove,COLUMBUS GROVE,"2,052",1,1,0.0,1.0,0,0,0,1,0,0.0,537.0,PUTNAM COUNTY,OH06904,COLUMBUS GROVE,"2,077",0,1,0.0,0.0,0,0,0,1,0,0.0
260,530.0,PUTNAM COUNTY,Leipsic,LEIPSIC,"2,021",1,15,0.0,0.0,0,1,3,11,1,0.0,538.0,PUTNAM COUNTY,OH06911,LEIPSIC,"2,022",1,12,0.0,0.0,0,1,4,8,0,0.0
261,532.0,PUTNAM COUNTY,Pandora,PANDORA,"1,146",0,4,0.0,0.0,0,0,0,4,0,0.0,540.0,PUTNAM COUNTY,OH06914,PANDORA,"1,146",0,3,0.0,0.0,0,0,1,2,0,0.0
262,535.0,RICHLAND COUNTY,Mansfield,MANSFIELD,"46,656",209,"2,605",3.0,58.0,63,85,679,"1,805",121,26.0,543.0,RICHLAND COUNTY,OH07001,MANSFIELD,"46,507",248,"2,392",7.0,45.0,75,121,569,"1,745",78,19.0
263,538.0,RICHLAND COUNTY,Plymouth,PLYMOUTH,914,1,6,0.0,1.0,0,0,2,4,0,0.0,,,,,,,,,,,,,,,
264,540.0,RICHLAND COUNTY,Bellville,BELLVILLE,"1,863",1,29,0.0,1.0,0,0,3,25,1,0.0,548.0,RICHLAND COUNTY,OH07005,BELLVILLE,"1,864",0,18,0.0,0.0,0,0,2,15,1,0.0
265,541.0,RICHLAND COUNTY,Lexington,LEXINGTON,"4,715",0,5,0.0,0.0,0,0,0,5,0,0.0,549.0,RICHLAND COUNTY,OH07007,LEXINGTON,"4,686",0,9,0.0,0.0,0,0,1,8,0,1.0
266,543.0,ROSS COUNTY,Chillicothe,CHILLICOTHE,"21,692",94,"1,747",0.0,8.0,34,52,350,"1,355",42,2.0,551.0,ROSS COUNTY,OH07101,CHILLICOTHE,"21,695",93,"1,496",0.0,14.0,28,51,284,"1,160",52,6.0
267,545.0,SANDUSKY COUNTY,Bellevue,BELLEVUE,"4,411",0,7,0.0,0.0,0,0,1,5,1,0.0,,,,,,,,,,,,,,,
268,546.0,SANDUSKY COUNTY,Clyde,CLYDE,"6,233",3,148,0.0,0.0,2,1,39,108,1,1.0,553.0,SANDUSKY COUNTY,OH07202,CLYDE,"6,191",4,116,0.0,0.0,0,4,21,92,3,1.0
269,547.0,SANDUSKY COUNTY,Fremont,FREMONT,"16,215",32,842,2.0,0.0,11,19,155,668,19,0.0,554.0,SANDUSKY COUNTY,OH07203,FREMONT,"16,241",31,866,1.0,2.0,12,16,151,699,16,0.0
270,553.0,SENECA COUNTY,Fostoria,FOSTORIA,"9,183",7,29,0.0,2.0,2,3,7,21,1,0.0,,,,,,,,,,,,,,,
271,554.0,SENECA COUNTY,Tiffin,TIFFIN,"17,637",13,418,0.0,5.0,3,5,76,328,14,0.0,561.0,SENECA COUNTY,OH07402,TIFFIN,"17,481",18,390,0.0,2.0,4,12,55,331,4,1.0
272,556.0,SHELBY COUNTY,Sidney,SIDNEY,"20,797",45,926,0.0,16.0,16,13,206,699,21,3.0,563.0,SHELBY COUNTY,OH07501,SIDNEY,"20,466",42,822,3.0,24.0,9,6,162,641,19,6.0
273,557.0,SHELBY COUNTY,Fort Loramie,FORT LORAMIE,"1,493",0,5,0.0,0.0,0,0,0,4,1,0.0,564.0,SHELBY COUNTY,OH07504,FORT LORAMIE,"1,500",0,2,0.0,0.0,0,0,0,1,1,0.0
274,559.0,STARK COUNTY,Canton,CANTON,"71,652",677,"3,664",8.0,77.0,171,421,951,"2,474",239,18.0,566.0,STARK COUNTY,OH07604,CANTON,"71,031",836,"3,766",16.0,97.0,188,535,"1,008","2,512",246,12.0
275,561.0,STARK COUNTY,Alliance,ALLIANCE,"21,973",99,769,0.0,13.0,11,75,149,601,19,8.0,421.0,STARK COUNTY,OH07601,ALLIANCE,35,0,1,0.0,0.0,0,0,0,1,0,0.0
276,561.0,STARK COUNTY,Alliance,ALLIANCE,"21,973",99,769,0.0,13.0,11,75,149,601,19,8.0,568.0,STARK COUNTY,OH07601,ALLIANCE,"21,803",75,799,0.0,14.0,11,50,109,649,41,6.0
277,562.0,STARK COUNTY,Brewster,BREWSTER,"2,169",0,20,0.0,0.0,0,0,2,17,1,0.0,569.0,STARK COUNTY,OH07602,BREWSTER,"2,154",0,14,0.0,0.0,0,0,2,12,0,1.0
278,563.0,STARK COUNTY,Canal Fulton,CANAL FULTON,"5,489",2,73,0.0,2.0,0,0,14,56,3,0.0,570.0,STARK COUNTY,OH07603,CANAL FULTON,"5,428",2,75,0.0,1.0,0,1,26,47,2,0.0
279,565.0,STARK COUNTY,Hartville,HARTVILLE,"2,974",1,53,0.0,0.0,1,0,8,45,0,0.0,572.0,STARK COUNTY,OH07606,HARTVILLE,"3,030",2,78,0.0,0.0,0,2,1,77,0,1.0
280,566.0,STARK COUNTY,Louisville,LOUISVILLE,"9,115",14,114,0.0,2.0,2,10,24,84,6,0.0,573.0,STARK COUNTY,OH07607,LOUISVILLE,"9,373",2,123,0.0,0.0,0,2,22,98,3,1.0
281,567.0,STARK COUNTY,Minerva,MINERVA,"1,944",3,24,1.0,0.0,0,2,0,23,1,0.0,65.0,STARK COUNTY,OH07609,MINERVA,"1,729",1,16,0.0,0.0,0,1,3,12,1,0.0
282,567.0,STARK COUNTY,Minerva,MINERVA,"1,944",3,24,1.0,0.0,0,2,0,23,1,0.0,109.0,STARK COUNTY,OH07609,MINERVA,2,0,0,0.0,0.0,0,0,0,0,0,0.0
283,567.0,STARK COUNTY,Minerva,MINERVA,"1,944",3,24,1.0,0.0,0,2,0,23,1,0.0,574.0,STARK COUNTY,OH07609,MINERVA,"1,931",1,20,0.0,0.0,0,1,4,14,2,0.0
284,568.0,STARK COUNTY,Navarre,NAVARRE,"1,916",0,19,0.0,0.0,0,0,4,15,0,0.0,575.0,STARK COUNTY,OH07610,NAVARRE,"1,901",1,22,0.0,0.0,0,1,3,18,1,0.0
285,569.0,STARK COUNTY,North Canton,NORTH CANTON,"17,435",9,271,0.0,3.0,2,4,44,219,8,1.0,576.0,STARK COUNTY,OH07611,NORTH CANTON,"17,348",12,281,0.0,4.0,3,5,41,232,8,0.0
286,570.0,STARK COUNTY,Beach City,BEACH CITY,"1,007",0,0,0.0,0.0,0,0,0,0,0,0.0,577.0,STARK COUNTY,OH07612,BEACH CITY,989,0,6,0.0,0.0,0,0,1,4,1,0.0
287,574.0,STARK COUNTY,Magnolia,MAGNOLIA,714,1,33,0.0,0.0,0,1,10,20,3,0.0,66.0,STARK COUNTY,OH07630,MAGNOLIA,258,0,4,0.0,0.0,0,0,1,3,0,0.0
288,574.0,STARK COUNTY,Magnolia,MAGNOLIA,714,1,33,0.0,0.0,0,1,10,20,3,0.0,581.0,STARK COUNTY,OH07630,MAGNOLIA,714,1,13,0.0,1.0,0,0,2,10,1,0.0
289,576.0,SUMMIT COUNTY,Akron,AKRON,"197,257","1,216","8,646",34.0,212.0,415,555,"2,483","5,483",680,94.0,583.0,SUMMIT COUNTY,OH07701,AKRON,"197,412","1,377","8,360",42.0,209.0,395,731,"2,301","5,304",755,103.0
290,577.0,SUMMIT COUNTY,Barberton,BARBERTON,"26,172",75,799,0.0,17.0,10,48,145,614,40,3.0,584.0,SUMMIT COUNTY,OH07702,BARBERTON,"26,050",103,881,1.0,19.0,14,69,158,682,41,8.0
291,578.0,SUMMIT COUNTY,Cuyahoga Falls,CUYAHOGA FALLS,"49,064",67,"1,143",0.0,24.0,14,29,116,977,50,5.0,585.0,SUMMIT COUNTY,OH07703,CUYAHOGA FALLS,"49,145",49,"1,209",2.0,18.0,8,21,143,"1,027",39,1.0
292,579.0,SUMMIT COUNTY,Hudson,HUDSON,"22,470",4,92,0.0,1.0,0,3,27,62,3,0.0,586.0,SUMMIT COUNTY,OH07705,HUDSON,"22,248",12,114,0.0,2.0,1,9,36,76,2,4.0
293,580.0,SUMMIT COUNTY,Macedonia,MACEDONIA,"11,794",8,197,0.0,1.0,4,3,11,183,3,0.0,588.0,SUMMIT COUNTY,OH07707,MACEDONIA,"12,027",5,206,0.0,1.0,1,3,14,189,3,1.0
294,582.0,SUMMIT COUNTY,Northfield,NORTHFIELD,"3,630",2,46,0.0,0.0,1,1,4,40,2,0.0,590.0,SUMMIT COUNTY,OH07709,NORTHFIELD,"3,669",5,39,0.0,0.0,1,4,4,32,3,0.0
295,585.0,SUMMIT COUNTY,Tallmadge,TALLMADGE,"17,213",23,397,0.0,4.0,9,10,72,310,15,0.0,530.0,SUMMIT COUNTY,OH07713,TALLMADGE,287,0,5,0.0,0.0,0,0,1,4,0,0.0
296,585.0,SUMMIT COUNTY,Tallmadge,TALLMADGE,"17,213",23,397,0.0,4.0,9,10,72,310,15,0.0,593.0,SUMMIT COUNTY,OH07713,TALLMADGE,"17,242",18,329,0.0,6.0,8,4,54,263,12,5.0
297,586.0,SUMMIT COUNTY,Twinsburg,TWINSBURG,"18,888",20,131,1.0,1.0,5,13,19,109,3,1.0,594.0,SUMMIT COUNTY,OH07714,TWINSBURG,"18,891",18,111,2.0,0.0,4,12,9,99,3,0.0
298,588.0,SUMMIT COUNTY,Munroe Falls,MUNROE FALLS,"5,012",2,40,0.0,1.0,0,1,5,35,0,2.0,595.0,SUMMIT COUNTY,OH07717,MUNROE FALLS,"5,051",1,39,0.0,0.0,0,1,7,32,0,0.0
299,589.0,SUMMIT COUNTY,Peninsula,PENINSULA,572,1,27,0.0,0.0,1,0,3,24,0,0.0,596.0,SUMMIT COUNTY,OH07718,PENINSULA,563,0,22,0.0,0.0,0,0,2,19,1,0.0
300,593.0,SUMMIT COUNTY,Copley,COPLEY TOWNSHIP,"17,653",5,108,0.0,2.0,1,2,12,91,5,0.0,600.0,SUMMIT COUNTY,OH07727,COPLEY TOWNSHIP,"17,280",15,163,1.0,1.0,2,11,24,133,6,0.0
301,599.0,TRUMBULL COUNTY,Warren,WARREN,"40,005",228,"1,509",2.0,27.0,90,109,511,905,93,6.0,606.0,TRUMBULL COUNTY,OH07807,WARREN,"39,643",227,"1,608",11.0,32.0,101,83,494,"1,008",106,2.0
302,600.0,TRUMBULL COUNTY,Hubbard,HUBBARD,"7,609",10,133,0.0,0.0,0,10,21,107,5,1.0,607.0,TRUMBULL COUNTY,OH07802,HUBBARD,"7,533",8,110,0.0,3.0,0,5,10,99,1,2.0
303,602.0,TRUMBULL COUNTY,Newton Falls,NEWTON FALLS,"4,628",9,92,0.0,3.0,2,4,17,72,3,0.0,609.0,TRUMBULL COUNTY,OH07805,NEWTON FALLS,"4,567",10,100,0.0,4.0,0,6,18,76,6,0.0
304,603.0,TRUMBULL COUNTY,Niles,NILES,"18,538",53,524,1.0,8.0,21,23,79,431,14,1.0,610.0,TRUMBULL COUNTY,OH07806,NILES,"18,334",55,536,0.0,8.0,12,35,95,424,17,0.0
305,604.0,TRUMBULL COUNTY,Cortland,CORTLAND,"6,894",1,77,0.0,0.0,0,1,15,59,3,0.0,611.0,TRUMBULL COUNTY,OH07808,CORTLAND,"6,844",1,46,0.0,0.0,1,0,6,39,1,0.0
306,606.0,TRUMBULL COUNTY,Lordstown,LORDSTOWN,"3,278",1,5,0.0,1.0,0,0,0,5,0,0.0,614.0,TRUMBULL COUNTY,OH07814,LORDSTOWN,"3,242",3,44,0.0,1.0,0,2,10,31,3,1.0
307,612.0,TRUMBULL COUNTY,Vienna Center,VIENNA TOWNSHIP,"3,817",5,65,0.0,1.0,0,4,15,49,1,0.0,,,,,,,,,,,,,,,
308,614.0,TUSCARAWAS COUNTY,Dennison,DENNISON,"2,638",2,12,0.0,0.0,0,2,0,12,0,0.0,621.0,TUSCARAWAS COUNTY,OH07901,DENNISON,"2,625",2,7,0.0,0.0,0,2,0,6,1,1.0
309,627.0,UNION COUNTY,Plain City,PLAIN CITY,828,0,3,0.0,0.0,0,0,0,3,0,0.0,,,,,,,,,,,,,,,
310,628.0,UNION COUNTY,Marysville,MARYSVILLE,"22,952",7,144,0.0,2.0,1,4,15,123,6,1.0,634.0,UNION COUNTY,OH08001,MARYSVILLE,"23,622",17,290,1.0,4.0,3,9,27,255,8,1.0
311,631.0,VAN WERT COUNTY,Van Wert,VAN WERT,"10,794",29,353,0.0,10.0,1,18,86,262,5,0.0,637.0,VAN WERT COUNTY,OH08101,VAN WERT,"10,713",22,330,1.0,7.0,3,11,56,268,6,0.0
312,638.0,WARREN COUNTY,Franklin,FRANKLIN,"11,782",23,542,1.0,4.0,10,8,136,390,16,0.0,644.0,WARREN COUNTY,OH08301,FRANKLIN,"11,779",31,443,1.0,6.0,13,11,70,359,14,1.0
313,640.0,WARREN COUNTY,Mason,MASON,"33,026",6,330,0.0,3.0,2,1,17,305,8,1.0,647.0,WARREN COUNTY,OH08304,MASON,"33,406",12,357,0.0,5.0,3,4,31,321,5,0.0
314,643.0,WARREN COUNTY,Maineville,MAINEVILLE,992,0,2,0.0,0.0,0,0,1,1,0,0.0,650.0,WARREN COUNTY,OH08311,MAINEVILLE,"1,070",0,1,0.0,0.0,0,0,1,0,0,0.0
315,644.0,WARREN COUNTY,Springboro,SPRINGBORO,"17,119",11,96,0.0,6.0,1,4,8,82,6,0.0,479.0,WARREN COUNTY,OH08314,SPRINGBORO,"1,273",0,8,0.0,0.0,0,0,1,7,0,0.0
316,644.0,WARREN COUNTY,Springboro,SPRINGBORO,"17,119",11,96,0.0,6.0,1,4,8,82,6,0.0,651.0,WARREN COUNTY,OH08314,SPRINGBORO,"17,359",10,114,0.0,5.0,0,5,14,98,2,0.0
317,647.0,WASHINGTON COUNTY,Belpre,BELPRE,"6,484",11,107,0.0,3.0,2,6,13,85,9,1.0,654.0,WASHINGTON COUNTY,OH08401,BELPRE,"6,466",2,76,0.0,0.0,0,2,15,56,5,0.0
318,648.0,WASHINGTON COUNTY,Marietta,MARIETTA,"13,867",8,101,0.0,2.0,4,2,16,82,3,1.0,655.0,WASHINGTON COUNTY,OH08402,MARIETTA,"13,582",23,250,0.0,11.0,2,10,37,197,16,2.0
319,652.0,WAYNE COUNTY,Orrville,ORRVILLE,"8,514",16,111,3.0,4.0,1,8,30,80,1,1.0,659.0,WAYNE COUNTY,OH08501,ORRVILLE,"8,527",15,107,0.0,6.0,0,9,17,84,6,0.0
320,653.0,WAYNE COUNTY,Rittman,RITTMAN,"6,484",4,135,0.0,1.0,1,2,36,85,14,2.0,434.0,WAYNE COUNTY,OH08502,RITTMAN,114,0,2,0.0,0.0,0,0,1,1,0,0.0
321,653.0,WAYNE COUNTY,Rittman,RITTMAN,"6,484",4,135,0.0,1.0,1,2,36,85,14,2.0,660.0,WAYNE COUNTY,OH08502,RITTMAN,"6,496",9,107,0.0,3.0,2,4,35,64,8,1.0
322,654.0,WAYNE COUNTY,Wooster,WOOSTER,"26,883",73,776,0.0,24.0,14,35,127,633,16,10.0,661.0,WAYNE COUNTY,OH08503,WOOSTER,"27,172",102,916,0.0,30.0,24,48,157,722,37,6.0
323,655.0,WAYNE COUNTY,Apple Creek,APPLE CREEK,"1,186",0,5,0.0,0.0,0,0,1,4,0,0.0,662.0,WAYNE COUNTY,OH08504,APPLE CREEK,"1,188",2,4,0.0,0.0,0,2,0,4,0,0.0
324,657.0,WAYNE COUNTY,Smithville,SMITHVILLE,"1,273",3,3,0.0,1.0,0,2,0,3,0,0.0,665.0,WAYNE COUNTY,OH08514,SMITHVILLE,"1,277",1,1,0.0,1.0,0,0,0,1,0,0.0
325,659.0,WILLIAMS COUNTY,Montpelier,MONTPELIER,"3,980",14,146,1.0,5.0,3,5,18,113,15,2.0,667.0,WILLIAMS COUNTY,OH08602,MONTPELIER,"3,976",27,139,0.0,5.0,1,21,28,105,6,0.0
326,660.0,WILLIAMS COUNTY,Pioneer,PIONEER,"1,406",2,23,0.0,1.0,0,1,7,16,0,0.0,668.0,WILLIAMS COUNTY,OH08607,PIONEER,"1,412",3,31,0.0,2.0,0,1,5,24,2,0.0
327,663.0,WOOD COUNTY,Bowling Green,BOWLING GREEN,"31,404",42,560,0.0,19.0,8,15,64,486,10,1.0,670.0,WOOD COUNTY,OH08701,BOWLING GREEN,"31,779",41,587,0.0,20.0,6,15,86,486,15,3.0
328,664.0,WOOD COUNTY,North Baltimore,NORTH BALTIMORE,"3,568",9,67,0.0,2.0,2,5,21,45,1,0.0,671.0,WOOD COUNTY,OH08702,NORTH BALTIMORE,"3,546",10,46,0.0,2.0,0,8,9,36,1,0.0
329,665.0,WOOD COUNTY,Perrysburg,PERRYSBURG,"21,548",8,244,0.0,3.0,3,2,16,223,5,0.0,672.0,WOOD COUNTY,OH08703,PERRYSBURG,"21,732",7,232,0.0,3.0,4,0,10,221,1,0.0
330,667.0,WOOD COUNTY,Bradner,BRADNER,"1,026",0,4,0.0,0.0,0,0,1,3,0,0.0,674.0,WOOD COUNTY,OH08707,BRADNER,"1,024",1,2,0.0,0.0,0,1,0,2,0,0.0
331,668.0,WOOD COUNTY,Haskins,HASKINS,"1,241",0,0,0.0,0.0,0,0,0,0,0,0.0,,,,,,,,,,,,,,,
332,669.0,WOOD COUNTY,Northwood,NORTHWOOD,"5,376",6,133,0.0,2.0,3,1,21,110,2,0.0,675.0,WOOD COUNTY,OH08718,NORTHWOOD,"5,423",19,138,0.0,2.0,4,13,17,116,5,0.0
333,670.0,WOOD COUNTY,Pemberville,PEMBERVILLE,"1,433",1,3,0.0,1.0,0,0,0,3,0,0.0,676.0,WOOD COUNTY,OH08719,PEMBERVILLE,"1,425",0,1,0.0,0.0,0,0,0,1,0,0.0
334,671.0,WOOD COUNTY,Wayne,WAYNE,900,0,0,0.0,0.0,0,0,0,0,0,0.0,677.0,WOOD COUNTY,OH08724,WAYNE,927,0,0,0.0,0.0,0,0,0,0,0,0.0
335,,,Fort Shawnee,,,,,,,,,,,,,12.0,ALLEN COUNTY,OH00211,SHAWNEE TOWNSHIP,"12,096",14,135,1.0,4.0,3,6,24,108,3,0.0
336,,,Coolville,,,,,,,,,,,,,27.0,ATHENS COUNTY,OH00512,COOLVILLE,492,0,0,0.0,0.0,0,0,0,0,0,0.0
337,,,Belmont,,,,,,,,,,,,,44.0,BELMONT COUNTY,OH00700,BELMONT COUNTY SHERIFF,"29,108",34,314,2.0,10.0,2,20,52,232,30,4.0
338,,,Georgetown,,,,,,,,,,,,,46.0,BROWN COUNTY,OH00802,GEORGETOWN,"4,356",10,104,0.0,6.0,3,1,23,78,3,0.0
339,,,Ripley,,,,,,,,,,,,,47.0,BROWN COUNTY,OH00803,RIPLEY,"1,707",2,19,0.0,1.0,0,1,3,13,3,0.0
340,,,Mount Orab,,,,,,,,,,,,,48.0,BROWN COUNTY,OH00807,MOUNT ORAB,"3,525",4,96,1.0,2.0,0,1,4,84,8,0.0
341,,,Wellsville,,,,,,,,,,,,,103.0,COLUMBIANA COUNTY,OH01508,WELLSVILLE,"3,347",0,1,0.0,0.0,0,0,0,1,0,0.0
342,,,Gates Mills,,,,,,,,,,,,,132.0,CUYAHOGA COUNTY,OH01821,GATES MILLS,"2,232",2,24,0.0,0.0,1,1,2,20,2,0.0
343,,,North Royalton,,,,,,,,,,,,,141.0,CUYAHOGA COUNTY,OH01836,NORTH ROYALTON,"30,313",7,103,3.0,0.0,0,4,22,80,1,0.0
344,,,Parma Heights,,,,,,,,,,,,,145.0,CUYAHOGA COUNTY,OH01843,PARMA HEIGHTS,"20,094",1,53,0.0,0.0,0,1,10,40,3,0.0
345,,,Huron,,,,,,,,,,,,,176.0,ERIE COUNTY,OH02202,HURON,"6,950",4,116,0.0,1.0,1,2,24,92,0,0.0
346,,,Berlin Heights,,,,,,,,,,,,,180.0,ERIE COUNTY,OH02206,BERLIN HEIGHTS,713,0,0,0.0,0.0,0,0,0,0,0,0.0
347,,,Millersport,,,,,,,,,,,,,190.0,FAIRFIELD COUNTY,OH02308,MILLERSPORT,"1,050",0,2,0.0,0.0,0,0,1,1,0,0.0
348,,,Sugar Grove,,,,,,,,,,,,,192.0,FAIRFIELD COUNTY,OH02312,SUGAR GROVE,433,0,1,0.0,0.0,0,0,0,1,0,0.0
349,,,Madison,,,,,,,,,,,,,219.0,LAKE COUNTY,OH02535,MADISON TOWNSHIP,"18,661",19,187,0.0,2.0,5,12,51,129,7,0.0
350,,,Madison,,,,,,,,,,,,,349.0,LAKE COUNTY,OH04318,MADISON TOWNSHIP,"15,380",4,67,0.0,0.0,0,4,8,57,2,0.0
351,,,Cleves,,,,,,,,,,,,,263.0,HAMILTON COUNTY,OH03106,CLEVES,"3,418",0,1,0.0,0.0,0,0,0,1,0,0.0
352,,,Reading,,,,,,,,,,,,,282.0,HAMILTON COUNTY,OH03129,READING,"10,307",28,291,1.0,4.0,7,16,52,232,7,0.0
353,,,McComb,,,,,,,,,,,,,295.0,HANCOCK COUNTY,OH03207,MCCOMB,"1,655",0,0,0.0,0.0,0,0,0,0,0,0.0
354,,,Laurelville,,,,,,,,,,,,,311.0,HOCKING COUNTY,OH03702,LAURELVILLE,507,1,3,0.0,0.0,1,0,0,3,0,0.0
355,,,Granville,,,,,,,,,,,,,361.0,LICKING COUNTY,OH04503,GRANVILLE,"5,787",0,39,0.0,0.0,0,0,5,32,2,0.0
356,,,Johnstown,,,,,,,,,,,,,363.0,LICKING COUNTY,OH04509,JOHNSTOWN,"5,025",2,63,0.0,1.0,0,1,4,56,3,0.0
357,,,Sheffield Lake,,,,,,,,,,,,,378.0,LORAIN COUNTY,OH04708,SHEFFIELD LAKE,"8,983",7,115,0.0,5.0,2,0,23,84,8,0.0
358,,,New Middletown,,,,,,,,,,,,,413.0,MAHONING COUNTY,OH05012,NEW MIDDLETOWN,"1,553",0,15,0.0,0.0,0,0,4,9,2,0.0
359,,,North Jackson,,,,,,,,,,,,,418.0,MAHONING COUNTY,OH05021,JACKSON TOWNSHIP,"2,018",2,32,0.0,0.0,0,2,14,18,0,0.0
360,,,North Jackson,,,,,,,,,,,,,474.0,MAHONING COUNTY,OH05727,JACKSON TOWNSHIP,"3,658",1,13,0.0,0.0,0,1,4,8,1,0.0
361,,,North Jackson,,,,,,,,,,,,,579.0,MAHONING COUNTY,OH07624,JACKSON TOWNSHIP,"40,624",58,"1,101",1.0,14.0,24,19,120,963,18,7.0
362,,,Creston,,,,,,,,,,,,,435.0,WAYNE COUNTY,OH08507,CRESTON,91,0,1,0.0,0.0,0,0,0,1,0,0.0
363,,,Creston,,,,,,,,,,,,,663.0,WAYNE COUNTY,OH08507,CRESTON,"2,097",1,20,0.0,0.0,0,1,6,12,2,1.0
364,,,Saint Henry,,,,,,,,,,,,,446.0,MERCER COUNTY,OH05409,ST. HENRY,"2,527",1,8,0.0,0.0,0,1,1,7,0,0.0
365,,,Huber Heights,,,,,,,,,,,,,452.0,DAYTON,OH05714,HUBER HEIGHTS,995,2,24,0.0,0.0,1,1,3,20,1,0.0
366,,,Huber Heights,,,,,,,,,,,,,466.0,DAYTON,OH05714,HUBER HEIGHTS,"37,001",75,927,0.0,15.0,20,40,114,762,51,5.0
367,,,Moraine,,,,,,,,,,,,,462.0,DAYTON,OH05709,MORAINE,"6,360",27,541,0.0,8.0,10,9,60,456,25,4.0
368,,,West Carrollton,,,,,,,,,,,,,467.0,DAYTON,OH05715,WEST CARROLLTON,"12,898",23,285,1.0,5.0,11,6,66,198,21,4.0
369,,,Englewood,,,,,,,,,,,,,469.0,DAYTON,OH05718,ENGLEWOOD,"13,504",19,443,0.0,1.0,7,11,8,423,12,5.0
370,,,New Lebanon,,,,,,,,,,,,,470.0,DAYTON,OH05720,NEW LEBANON,"3,966",10,95,0.0,2.0,4,4,22,70,3,1.0
371,,,Shelby,,,,,,,,,,,,,547.0,RICHLAND COUNTY,OH07004,SHELBY,"8,987",11,262,0.0,9.0,0,2,54,205,3,1.0
372,,,Massillon,,,,,,,,,,,,,567.0,STARK COUNTY,OH07608,MASSILLON,"32,265",52,401,0.0,14.0,11,27,69,326,6,6.0
373,,,East Canton,,,,,,,,,,,,,571.0,STARK COUNTY,OH07605,EAST CANTON,"1,589",0,10,0.0,0.0,0,0,0,10,0,0.0
374,,,North Lawrence,,,,,,,,,,,,,578.0,STARK COUNTY,OH07622,LAWRENCE TOWNSHIP,"8,273",9,85,2.0,2.0,0,5,31,48,6,0.0
375,,,Stow,,,,,,,,,,,,,592.0,SUMMIT COUNTY,OH07712,STOW,"34,692",32,690,1.0,19.0,6,6,102,584,4,0.0
376,,,Lebanon,,,,,,,,,,,,,646.0,WARREN COUNTY,OH08303,LEBANON,"20,741",4,116,0.0,0.0,1,3,12,101,3,2.0
377,,,Marshallville,,,,,,,,,,,,,664.0,WAYNE COUNTY,OH08511,MARSHALLVILLE,761,1,1,0.0,1.0,0,0,0,1,0,0.0
